cryo_sleep_flag,passenger_age,room_service_spend,food_court_spend,shopping_mall_spend,spa_amenities_spend,vr_deck_spend,cabin_deck_tier,transported_or_survived
0,19.856,578.726,0.0,0.0,1733.199,0.0,4,0
1,13.793,662.15,459.273,501.28,0.0,1970.377,5,1
0,18.91,0.0,1584.374,0.0,447.354,676.482,2,1
0,10.865,0.0,0.0,53.989,0.0,0.0,3,1
0,28.477,0.0,0.0,881.249,0.0,0.0,3,1
1,17.22,284.927,2903.378,895.204,259.222,222.853,3,1
0,31.273,532.484,0.0,12.01,0.0,0.0,6,0
0,6.217,1192.862,0.0,0.0,0.0,1380.321,8,1
0,32.632,0.0,1774.464,0.0,624.901,0.0,7,0
1,39.669,0.0,0.0,557.954,0.0,153.51,7,0
0,0.088,967.287,373.932,55.364,0.0,940.64,4,1
0,33.237,412.775,1029.348,0.0,0.0,659.225,7,0
0,45.187,1043.973,1750.3,0.0,224.301,0.0,4,0
0,11.065,407.673,49.847,0.0,1348.072,993.272,3,1
1,51.416,0.0,2273.942,349.233,1967.181,0.0,8,0
0,33.866,0.0,0.0,0.0,0.0,276.496,1,1
1,18.13,0.0,1361.745,727.126,2675.342,984.434,6,0
1,27.219,650.334,0.0,0.0,0.0,786.058,3,1
1,35.817,992.588,2096.726,86.204,1501.903,0.0,8,0
0,29.064,1422.085,620.453,0.0,0.0,1557.369,5,1
1,35.543,768.018,0.0,163.075,0.0,391.029,8,0
0,15.111,975.845,1245.409,0.0,0.0,1080.145,7,0
1,30.371,0.0,1521.826,141.955,252.308,1905.556,3,1
1,8.208,0.0,1220.273,994.157,947.969,1473.397,7,1
1,26.443,772.552,0.0,269.511,1046.855,1476.136,3,1
1,15.345,491.492,0.0,0.0,0.0,502.314,7,1
1,17.703,289.839,445.113,0.0,0.0,1133.632,1,1
1,45.305,471.791,400.488,503.273,0.0,524.276,4,1
1,43.278,430.071,1349.695,897.268,187.51,0.0,8,0
1,36.528,1054.481,0.0,327.874,78.829,617.881,7,1
0,12.708,1061.741,851.192,555.679,0.0,569.179,4,1
0,23.57,573.743,102.022,511.453,606.564,912.916,5,1
1,44.983,769.772,0.0,964.676,2798.826,165.603,3,0
1,29.984,554.141,0.0,0.0,0.0,0.0,2,1
1,60.471,0.0,192.555,543.643,0.0,989.331,5,1
0,33.506,711.767,0.0,720.892,925.628,0.0,7,1
1,30.689,0.0,0.0,0.0,0.0,1831.76,4,1
0,23.672,905.03,0.0,0.0,1045.861,57.011,1,1
0,29.87,0.0,1089.34,0.0,0.0,557.805,7,0
0,25.865,405.772,0.0,0.0,2325.332,886.486,4,0
0,37.914,0.0,191.863,0.0,689.252,920.222,4,0
0,41.394,579.703,2300.732,305.858,0.0,0.0,7,0
1,16.996,197.949,1643.222,654.778,0.0,1165.291,1,1
1,9.363,0.0,1532.726,775.537,0.0,618.312,3,1
1,2.293,493.455,0.0,0.0,1820.025,0.0,3,0
1,35.112,0.0,1101.639,0.0,0.0,0.0,7,0
1,12.553,792.745,169.323,906.86,0.0,0.0,7,1
0,0.0,220.862,214.688,532.177,0.0,0.0,7,0
1,33.44,477.024,941.622,216.404,292.743,2108.381,4,1
1,62.902,0.0,0.0,435.069,11.779,1860.459,7,1
0,27.915,0.0,2241.604,153.31,0.0,774.285,5,0
1,39.739,0.0,257.844,463.767,0.0,65.432,2,1
0,29.146,776.857,1192.033,0.0,200.494,93.037,7,0
1,26.616,1310.295,2196.721,320.531,0.0,1095.969,5,1
0,40.867,0.0,1687.985,0.0,1065.453,2145.718,6,0
1,23.936,919.951,0.0,0.0,1321.349,0.0,5,0
1,31.743,0.0,983.875,0.0,223.775,0.0,4,0
0,32.504,0.0,1470.863,0.0,563.596,1925.023,4,1
0,18.647,0.0,1520.236,0.0,0.0,0.0,2,0
0,41.889,0.0,0.0,0.0,0.0,0.0,2,0
0,25.551,0.0,0.0,0.0,1415.304,40.799,2,0
0,17.42,488.449,1643.47,477.272,0.0,0.0,4,0
0,35.511,80.856,0.0,123.792,0.0,1467.757,4,1
0,15.421,466.614,90.365,0.0,2815.458,1199.751,5,0
0,28.395,668.807,2341.051,0.0,2310.985,0.0,4,0
1,27.872,392.651,392.641,358.497,824.332,1643.595,6,1
1,43.203,647.546,0.0,0.0,1562.802,1821.757,3,1
0,34.646,174.804,0.0,0.0,0.0,181.171,3,0
1,27.65,0.0,849.263,128.228,0.0,0.0,2,0
1,39.449,907.579,0.0,362.415,0.0,2672.582,4,1
1,47.463,0.0,153.197,0.0,50.422,1057.22,6,0
1,35.809,0.0,849.877,478.072,0.0,569.141,8,0
0,28.145,104.353,2008.98,0.0,0.0,1731.723,3,1
1,9.634,0.0,1251.058,159.96,734.627,617.027,5,0
0,13.088,0.0,0.0,150.165,908.02,0.0,8,0
1,23.727,443.635,1864.103,0.0,2072.089,384.168,1,0
1,19.467,446.422,90.582,0.0,0.0,1390.587,7,1
1,25.382,0.0,0.0,10.016,0.0,0.0,5,0
0,28.793,0.0,243.55,1080.185,0.0,0.0,1,1
1,35.416,918.316,2175.803,0.0,0.0,1752.21,6,1
0,27.013,542.66,648.288,1117.695,1301.223,0.0,5,1
1,34.811,1568.792,465.026,24.556,0.0,1923.414,3,1
0,28.903,987.083,2414.654,189.808,2667.789,1785.481,4,1
1,0.343,963.79,0.0,0.0,27.746,231.194,1,1
0,14.849,0.0,0.0,0.0,471.692,0.0,4,0
0,25.983,716.509,0.0,0.0,0.0,0.0,6,0
1,11.064,185.481,897.178,0.0,625.942,3097.845,7,1
0,36.399,0.0,649.792,53.006,0.0,2268.146,7,1
1,49.431,329.21,2301.284,0.0,1073.068,431.661,4,0
1,45.063,834.387,742.17,1206.437,1106.871,0.0,3,1
1,25.012,545.541,0.0,0.0,1805.221,422.893,6,0
1,48.87,0.0,452.154,227.507,0.0,556.018,8,0
1,30.081,702.598,591.249,308.794,486.618,0.0,7,1
1,23.281,0.0,0.0,0.0,930.198,384.043,2,1
1,19.412,360.844,3702.398,554.623,796.51,1688.525,2,1
1,23.765,22.822,1073.845,0.0,0.0,0.0,1,1
1,22.566,77.737,702.01,0.0,0.0,1167.913,3,1
1,30.386,718.058,1188.197,539.516,691.656,1743.538,4,1
1,30.248,0.0,1301.293,0.0,142.25,0.0,5,0
0,28.043,1484.377,281.336,0.0,0.0,2078.885,8,1
0,34.117,0.0,0.0,555.225,1150.34,0.0,5,0
1,44.669,0.0,1169.341,0.0,260.589,763.137,6,0
1,41.294,460.638,912.853,683.952,0.0,0.0,1,1
1,7.211,599.804,0.0,847.693,0.0,0.0,1,1
1,0.0,154.691,2152.843,0.0,0.0,0.0,1,1
1,41.08,182.696,802.022,614.227,2942.314,1033.504,3,0
1,8.864,486.858,1325.783,0.0,1105.054,1191.246,5,0
1,24.853,69.805,2120.305,1420.545,517.474,232.357,6,1
1,11.618,1125.568,476.267,0.0,110.173,0.0,8,0
0,2.772,765.577,830.342,744.609,37.868,723.329,3,1
1,35.58,787.336,1422.033,642.522,1593.916,743.115,6,0
0,38.628,0.0,0.0,347.009,0.0,72.449,3,1
1,19.929,168.398,514.862,0.0,944.612,2260.593,8,1
1,0.0,24.697,600.658,85.217,0.0,0.0,8,0
0,20.353,0.0,0.0,0.0,2444.172,0.0,4,0
1,33.485,454.107,3231.164,295.675,1126.517,0.0,3,0
0,7.295,0.0,0.0,365.785,1680.112,1045.946,3,1
1,30.567,646.012,0.0,244.76,0.0,0.0,8,0
1,27.786,0.0,2027.072,0.0,1473.95,0.0,4,0
0,36.11,1337.376,1305.92,0.0,0.0,1298.572,2,1
1,29.674,0.0,0.0,0.0,431.038,785.675,4,1
0,14.377,362.547,1178.747,333.329,2108.552,695.914,1,1
1,44.752,734.709,2211.421,332.03,0.0,1120.5,7,0
0,25.781,0.0,413.684,74.675,533.573,0.0,2,0
0,27.618,774.105,3568.587,525.738,791.806,0.0,7,0
1,14.934,0.0,0.0,0.0,882.005,1150.268,8,0
1,21.794,1163.877,1282.588,511.732,0.0,0.0,5,1
0,15.613,229.197,1849.834,435.856,2604.891,0.0,8,0
1,25.579,0.0,1519.613,381.431,0.0,0.0,7,0
1,51.964,25.532,204.773,68.057,1914.774,1277.417,6,0
1,8.793,745.798,101.47,1195.217,1646.572,568.338,3,1
0,5.41,0.0,982.974,446.19,2400.978,1200.156,2,1
0,48.596,0.0,1428.905,0.0,0.0,0.0,5,0
0,25.069,76.001,1172.968,309.051,0.0,631.272,4,1
0,18.633,0.0,1698.069,591.391,1951.137,986.558,4,0
0,42.559,1403.354,0.0,0.0,0.0,0.0,1,1
0,19.521,0.0,176.675,779.992,0.0,1205.16,7,1
0,53.564,760.551,0.0,383.939,0.0,182.905,1,1
0,37.491,356.156,0.0,0.0,521.193,3524.904,8,1
0,21.169,0.0,1668.265,337.816,2061.448,0.0,2,0
1,58.202,216.129,579.581,0.0,106.207,1737.57,8,1
0,19.52,729.602,3578.231,470.821,0.0,0.0,7,0
1,38.389,97.63,682.088,698.76,652.529,0.0,6,0
1,32.19,995.523,521.63,279.291,826.556,0.0,3,1
1,46.224,883.985,577.42,1102.541,795.364,591.353,4,1
0,49.861,817.295,0.0,69.924,114.215,1389.34,8,1
0,28.448,0.0,380.596,519.898,0.0,2108.063,2,1
0,17.452,0.0,1803.346,620.768,0.0,1792.988,7,1
0,34.44,0.0,586.765,115.486,1872.298,0.0,2,0
1,18.512,347.557,0.0,606.114,515.776,1486.673,6,1
0,56.187,574.761,0.0,0.0,0.0,710.849,7,0
0,29.911,0.0,0.0,0.0,1539.985,0.0,2,0
0,22.885,214.726,538.636,0.0,0.0,77.494,1,1
0,30.586,322.758,1882.304,305.189,62.117,0.0,6,0
0,9.14,39.596,0.0,352.141,461.534,338.947,4,1
1,14.397,1059.328,66.208,830.387,0.0,0.0,7,1
0,44.806,494.157,623.172,613.038,420.839,0.0,8,0
1,18.803,1071.625,0.0,10.514,103.537,803.075,1,1
0,13.343,79.626,0.0,0.0,0.0,960.167,1,1
1,35.513,829.36,0.0,412.396,509.626,103.023,6,1
0,44.6,1282.793,0.0,792.022,0.0,1736.034,8,1
0,38.065,1072.601,680.267,592.904,492.177,26.548,6,0
1,41.945,0.0,257.328,777.307,1821.549,0.0,2,1
1,17.405,55.111,0.0,51.342,0.874,993.513,8,0
1,8.095,0.0,963.555,0.0,0.0,160.953,5,0
0,49.019,538.015,2517.69,0.0,170.313,389.038,5,0
1,23.482,666.13,2417.108,138.698,0.0,0.0,5,0
0,24.488,0.0,0.0,125.989,963.96,317.543,7,0
0,46.595,264.095,1142.487,285.739,147.212,0.0,7,0
1,35.787,0.0,236.372,97.593,2190.74,0.0,2,0
1,34.382,1157.264,636.186,95.168,1589.289,0.0,3,0
0,58.31,0.0,0.0,0.0,141.611,0.0,7,0
0,18.991,256.312,591.106,697.307,1097.17,0.0,4,0
1,40.99,18.728,631.689,212.85,0.0,0.0,2,1
1,28.798,964.918,0.0,72.311,347.353,997.489,2,1
1,31.76,0.0,0.0,0.0,0.0,533.507,8,0
0,49.399,209.203,0.0,0.0,1153.102,0.0,1,0
0,35.11,151.218,731.111,902.46,1886.287,387.459,8,0
0,35.536,0.0,1168.796,480.598,1188.513,634.168,5,0
0,43.015,1342.047,1474.019,0.0,1324.13,0.0,6,0
0,22.891,0.0,0.0,597.36,1325.337,236.07,2,0
0,16.251,721.668,790.613,686.589,916.382,499.826,3,1
1,13.373,451.564,1605.003,239.651,0.0,1102.83,7,1
0,0.471,1039.988,1848.714,1064.942,2181.069,0.0,4,1
0,56.787,0.0,379.401,291.363,2294.852,43.467,3,0
0,12.555,0.0,184.882,0.0,52.732,1883.753,2,1
1,24.902,932.445,679.349,374.495,0.0,1787.494,2,1
0,24.125,496.459,0.0,307.142,983.653,1193.484,1,1
0,32.304,0.0,217.669,0.0,915.894,863.666,3,0
1,39.42,0.0,1343.504,491.193,87.859,2037.366,1,1
0,40.047,471.149,1220.337,0.0,0.0,2313.74,6,1
0,19.837,764.547,125.679,724.717,646.271,164.466,3,1
0,25.66,0.0,711.262,0.0,916.58,0.0,5,0
0,31.956,0.0,0.0,0.0,1108.403,16.193,6,0
0,24.518,560.095,1294.191,106.258,694.222,3551.53,5,1
1,50.503,0.0,356.614,412.465,11.773,0.0,3,1
1,34.874,0.0,118.858,261.797,1403.402,0.0,1,0
1,38.288,0.0,15.931,0.0,382.433,0.0,5,0
0,37.28,749.088,374.527,0.0,0.0,431.002,2,1
0,44.429,303.601,0.0,0.0,111.281,0.0,7,0
0,30.534,73.323,1239.772,44.179,0.0,185.811,4,0
1,9.844,1122.866,0.0,772.012,109.534,0.0,8,1
0,33.596,634.261,2361.557,167.613,1067.28,948.502,1,1
0,18.881,1270.595,2208.253,651.272,683.761,1583.463,6,1
1,20.599,0.0,0.0,985.025,1982.731,0.0,7,0
0,36.209,197.542,533.645,0.0,20.728,158.113,6,0
1,45.336,0.0,0.0,65.519,846.044,128.422,3,0
1,28.298,70.901,58.023,1385.868,1182.014,489.956,6,1
1,32.324,58.4,2852.913,978.832,2887.143,259.922,8,0
0,51.831,627.299,80.914,0.0,469.242,1106.523,4,1
0,31.371,249.617,882.271,386.803,0.0,1594.691,4,1
0,64.424,625.215,1099.586,170.314,1242.722,0.0,2,0
0,35.917,677.236,0.0,632.814,2362.3,0.0,6,0
0,3.349,1620.704,0.0,0.0,0.0,1246.7,1,1
0,38.547,15.057,0.0,0.0,1235.19,0.0,4,0
0,33.336,0.0,0.0,0.0,1661.601,0.0,1,0
1,46.057,379.954,0.0,0.0,1428.772,537.632,2,0
0,37.425,0.0,1103.499,626.582,448.114,821.164,3,0
1,26.062,1183.274,2915.033,0.0,0.0,0.0,4,0
0,10.86,35.908,627.385,0.0,220.592,0.0,8,0
0,25.074,0.0,0.0,0.0,814.46,0.0,8,0
0,16.093,0.0,0.0,733.986,1309.045,0.0,4,1
1,19.873,686.971,0.0,881.777,677.34,1028.171,4,1
1,36.24,117.464,0.0,0.0,0.0,0.0,6,0
1,51.379,0.0,1482.219,3.148,920.918,21.201,8,0
1,33.525,1302.479,1422.312,423.804,1256.094,0.0,8,0
0,11.258,0.0,0.0,995.71,727.571,0.0,1,1
1,34.224,243.118,1320.097,398.822,0.0,1213.687,7,1
0,44.753,643.999,2282.175,0.0,110.453,0.0,4,0
0,19.463,0.0,2733.07,0.0,1352.603,497.862,1,0
1,26.124,532.169,3888.254,0.0,0.0,0.0,6,0
1,28.206,0.0,0.0,211.003,0.0,0.0,5,0
1,17.011,754.809,3839.065,0.0,1968.891,1093.892,8,0
1,37.076,0.0,24.952,279.182,872.557,3016.635,5,1
1,26.307,670.3,0.0,0.0,977.403,0.0,1,1
1,33.873,938.791,842.487,0.0,0.0,88.837,6,0
1,15.575,779.934,0.0,0.0,1121.281,732.895,5,1
1,21.876,383.356,928.853,1044.919,612.774,0.0,2,1
0,38.113,69.654,0.0,667.833,0.0,1191.998,2,1
1,22.78,0.0,163.497,1139.09,1876.712,0.0,5,0
1,52.177,1176.173,1992.699,472.373,484.552,461.54,8,0
0,22.405,0.0,381.526,0.0,0.0,0.0,3,0
1,31.146,0.0,619.915,911.071,0.0,1580.403,1,1
0,41.056,652.49,1020.31,151.482,0.0,0.0,5,0
0,8.143,0.0,1854.794,293.671,962.67,0.0,1,0
1,3.349,0.0,0.0,146.018,598.043,1292.973,7,1
0,6.641,0.0,1151.429,0.0,96.512,0.0,7,0
0,45.676,0.0,128.233,1068.652,1716.334,372.188,6,0
0,20.274,166.235,649.965,444.962,0.0,0.0,7,0
0,63.815,378.01,1721.94,354.701,0.0,0.0,7,0
1,20.101,838.349,0.0,135.405,0.0,701.238,5,1
0,30.584,562.484,0.0,261.52,3.326,0.0,2,1
1,49.59,95.933,0.0,0.0,384.217,0.0,8,0
0,56.085,91.173,0.0,515.284,783.015,817.741,6,0
0,56.861,551.602,2046.519,0.0,0.0,0.0,7,0
0,44.917,1047.171,305.295,274.198,0.0,1163.984,3,1
0,42.337,302.104,0.0,484.481,2164.608,526.446,1,1
1,36.295,0.0,0.0,58.745,2962.804,757.467,8,0
1,38.897,0.0,0.0,377.686,467.615,1603.014,8,0
0,20.283,0.0,0.0,0.0,0.0,635.814,8,0
0,16.545,653.075,916.583,0.0,1933.0,1915.79,3,1
1,27.953,595.686,0.0,302.562,0.0,1256.825,7,1
0,25.617,595.286,1785.161,549.988,0.0,0.0,2,1
0,21.655,136.371,364.656,0.0,0.0,1657.805,7,1
0,37.749,1134.508,552.714,462.332,0.0,577.059,8,1
1,41.374,0.0,115.952,0.0,1.973,0.0,4,0
1,29.238,840.925,1377.417,62.029,0.0,592.305,4,1
1,48.685,194.817,1389.792,0.0,323.92,1467.943,1,1
0,12.016,0.0,852.065,0.0,339.895,777.797,6,0
0,25.289,605.145,1127.747,711.03,0.0,2213.512,2,1
1,17.964,486.263,195.492,188.403,0.0,1440.857,7,1
1,1.868,452.032,1100.644,0.0,56.066,849.318,1,1
1,26.842,272.831,44.547,104.767,1200.831,0.0,6,0
1,26.296,195.369,452.678,443.959,146.728,111.281,1,1
0,49.188,1772.442,120.428,416.677,1217.172,375.247,1,1
1,36.831,989.767,0.0,127.985,954.394,1031.463,3,1
0,13.661,689.837,0.0,782.057,938.684,969.2,5,1
1,53.957,292.669,1011.228,713.459,1836.631,478.017,2,0
0,45.094,874.652,2022.727,401.488,0.0,426.367,3,1
1,36.149,556.697,1855.322,200.583,0.0,1056.48,6,0
1,24.829,237.033,0.0,538.1,2249.629,0.0,5,0
1,14.568,22.683,1997.044,345.99,26.952,2080.292,1,1
1,22.789,167.404,68.21,764.048,0.0,0.0,4,1
0,43.242,0.0,1170.88,673.754,86.735,1828.18,7,1
1,54.384,356.891,0.0,0.0,458.433,252.555,3,0
0,49.605,0.0,620.376,0.0,0.0,1352.709,8,0
0,21.156,1255.235,826.468,0.0,1777.329,682.032,2,1
0,12.325,232.574,0.0,716.638,0.0,663.336,2,1
0,29.972,0.0,1179.921,0.0,671.419,881.967,5,0
1,3.242,187.578,2065.122,391.064,61.42,1149.507,3,1
0,32.524,0.0,240.422,373.024,0.0,0.0,1,1
0,25.934,527.715,2082.202,821.083,0.0,1386.539,8,1
0,21.475,409.116,222.368,270.99,0.0,0.0,5,1
1,5.674,842.596,1469.501,0.0,1504.239,294.403,6,0
1,35.19,0.0,0.0,0.0,147.708,1177.768,2,1
1,20.542,242.105,3352.533,0.0,0.0,1344.768,8,0
1,11.621,0.0,2244.55,0.0,0.0,783.828,6,0
0,0.0,675.972,108.449,67.575,1625.765,0.0,8,0
0,27.615,557.266,0.0,0.0,1920.621,1241.543,3,0
1,52.812,542.273,795.634,993.571,1613.218,0.0,4,0
0,51.258,221.052,0.0,0.0,851.681,2138.98,8,1
0,21.601,489.602,983.824,923.818,628.813,211.096,8,0
0,19.569,1262.82,943.879,833.691,0.0,0.0,6,1
1,34.563,34.689,0.0,673.049,39.599,0.0,7,1
1,14.023,310.119,1795.16,0.0,0.0,345.826,1,1
0,32.225,0.0,1416.69,361.772,0.0,446.817,7,0
1,38.725,0.0,1620.988,0.0,1472.748,2368.14,2,1
1,45.177,283.579,460.629,680.108,0.0,0.0,7,0
1,26.598,937.557,0.0,128.569,1625.536,341.435,3,1
1,25.149,53.417,1623.447,0.0,1279.921,0.0,8,0
1,15.708,66.654,125.554,0.0,922.39,0.0,4,1
0,16.424,0.0,0.0,0.0,984.172,2068.171,2,1
1,24.829,0.0,2072.447,0.0,0.0,0.0,4,0
0,33.143,411.731,2969.289,793.167,2353.635,916.395,2,0
0,40.79,0.0,400.502,0.0,357.438,712.553,5,0
1,16.755,1052.611,3040.945,75.176,642.125,274.62,7,0
0,48.898,0.0,559.578,537.11,0.0,845.408,5,1
0,24.204,689.237,0.0,1181.175,0.0,0.0,5,1
0,27.701,0.0,0.0,912.003,835.026,2039.139,3,1
1,17.539,654.746,2414.499,0.0,549.265,2321.088,8,0
1,0.0,656.764,0.0,0.0,0.0,349.46,5,1
0,40.377,469.731,1332.323,1491.384,0.0,2844.261,3,1
1,38.316,0.0,0.0,1440.635,0.0,0.0,1,1
1,24.061,382.206,0.0,275.534,1625.747,720.454,5,1
1,28.938,0.0,1686.3,0.0,0.0,1803.484,3,1
1,35.223,55.704,0.0,709.407,0.0,0.0,8,0
0,6.124,889.119,0.0,109.529,1905.374,0.0,2,0
0,20.593,737.856,1809.366,106.731,0.0,0.0,3,0
1,39.12,229.869,2366.877,670.897,0.0,2463.868,6,1
1,10.44,0.0,1223.628,357.25,0.0,0.0,3,1
0,32.11,639.632,0.0,0.0,2089.875,104.976,7,0
0,9.008,232.598,0.0,0.0,2502.722,0.0,6,0
1,34.53,0.0,545.898,540.246,1136.72,1295.756,2,1
0,27.501,728.709,835.116,455.741,1171.723,0.0,8,0
1,5.388,204.249,0.0,316.729,0.0,0.0,7,1
1,44.306,1001.593,1317.646,692.717,2452.061,614.496,3,0
0,17.716,0.0,552.616,0.0,604.466,0.0,7,0
0,16.656,0.0,0.0,270.055,1248.421,112.489,8,0
1,30.808,401.405,0.0,0.0,193.923,1772.32,2,1
1,44.081,409.516,0.0,0.0,15.164,749.667,7,0
0,13.778,0.0,362.571,597.786,2139.346,437.069,6,0
1,28.864,0.0,2717.135,0.0,903.696,525.608,4,0
0,34.003,2010.892,735.806,0.0,1906.513,0.0,5,0
1,37.703,21.353,0.0,0.0,590.861,2395.96,6,1
0,30.47,695.123,714.757,731.885,0.0,0.0,8,0
0,22.862,0.0,27.495,477.139,0.0,521.472,1,1
0,16.414,0.0,839.71,632.232,423.262,420.777,3,0
1,29.206,109.332,1146.681,0.0,0.0,1359.201,7,0
1,12.99,47.357,1901.077,80.148,0.0,1458.333,2,1
0,0.0,0.0,420.856,13.138,1631.559,266.38,5,0
1,34.112,145.483,2416.753,12.88,0.0,605.2,8,0
0,40.655,391.774,1539.627,0.0,462.012,644.961,7,0
0,0.0,122.424,0.0,0.0,635.747,0.0,3,1
1,13.864,0.0,3101.827,645.801,0.0,0.0,5,0
1,36.668,536.02,842.393,0.0,1905.879,0.0,4,0
0,56.805,0.0,0.0,1165.285,0.0,0.0,3,1
1,28.291,0.0,2433.496,440.951,597.788,0.0,7,0
1,17.808,700.467,2943.333,146.294,580.729,1087.062,2,1
0,25.439,549.563,410.37,677.827,250.32,302.224,4,1
0,47.248,182.693,0.0,0.0,0.0,74.571,3,1
1,18.957,0.0,243.15,0.0,1267.899,0.0,5,0
0,16.811,0.0,1307.678,102.198,1127.862,253.228,7,0
0,21.242,49.215,1983.428,934.714,0.0,0.0,4,0
1,14.653,0.0,1134.585,143.962,1088.236,128.896,2,0
0,29.717,0.0,572.068,422.031,722.398,366.343,3,1
0,50.745,644.015,2247.614,0.0,0.0,554.011,5,0
1,32.523,1147.748,74.596,442.632,0.0,0.0,7,1
1,24.467,0.0,1687.103,1109.254,1562.11,536.058,5,0
0,23.915,711.717,104.325,727.495,650.358,0.0,8,0
0,6.115,0.0,967.228,124.385,0.0,0.0,6,0
1,40.364,648.643,313.725,548.275,0.0,1053.828,4,1
1,26.91,0.0,382.977,493.409,0.0,2414.819,7,1
1,25.473,419.775,0.0,453.689,0.0,353.927,3,1
1,72.704,58.961,2063.825,792.694,0.0,0.0,6,0
0,32.183,1078.269,0.0,788.508,0.0,498.104,5,1
1,17.475,0.0,0.0,98.791,1564.015,1285.981,4,1
1,22.031,627.944,2995.192,529.452,1377.697,952.047,1,1
0,44.078,38.32,1623.417,0.0,0.0,3180.269,7,1
1,29.586,117.101,0.0,0.0,459.942,0.0,5,0
0,7.864,100.495,0.0,19.083,0.0,564.843,4,1
1,40.869,0.0,0.0,127.284,22.276,1926.364,1,1
1,18.646,210.836,0.0,0.0,0.0,1860.467,7,1
1,54.226,179.279,0.0,651.786,0.0,0.0,4,1
0,43.121,376.806,285.613,0.0,2513.242,296.474,5,0
0,21.737,274.928,0.0,1690.297,0.0,1858.747,1,1
1,45.934,738.696,521.886,1011.052,0.0,3335.175,8,1
0,28.95,820.281,0.0,23.835,0.0,1038.986,7,0
0,39.939,0.0,549.494,175.279,1458.155,0.0,4,0
0,34.786,784.702,0.0,339.664,0.0,0.0,3,0
0,16.151,0.0,2252.344,0.0,0.0,2629.681,1,1
0,18.99,602.106,2143.628,277.867,1901.505,1065.179,4,0
0,42.419,622.83,1392.415,89.36,578.385,0.0,3,0
1,23.313,0.0,58.063,117.207,521.114,86.686,8,0
1,22.349,280.437,2832.456,271.618,2655.361,625.696,1,0
0,14.628,0.0,0.0,0.0,580.983,870.997,4,1
1,33.93,0.0,0.0,192.159,0.0,0.0,5,0
1,56.875,1098.054,349.46,261.531,0.0,0.0,1,1
1,13.055,0.0,3154.846,242.156,0.0,0.0,1,0
1,28.339,0.0,207.193,49.135,1691.531,1391.75,7,0
0,47.771,269.202,230.106,807.2,942.018,0.0,3,0
1,26.885,665.633,0.0,0.0,1546.856,789.638,6,0
1,34.333,127.928,1585.116,297.303,1644.282,1793.371,7,0
0,13.126,978.141,1593.812,896.487,0.0,530.864,6,1
0,33.996,565.134,1396.89,125.549,0.0,181.381,4,0
1,25.38,0.0,0.0,290.099,253.116,503.618,5,1
1,41.8,0.0,0.0,116.025,0.0,366.353,3,1
1,44.623,0.0,0.0,862.927,491.453,1608.473,1,1
1,64.254,531.585,550.647,25.674,1555.307,626.38,6,0
1,36.115,0.0,0.0,888.679,125.046,0.0,3,1
1,32.561,1876.856,0.0,111.991,474.995,1400.242,3,1
0,30.721,565.167,0.0,0.0,206.77,1592.009,7,1
1,23.056,316.77,0.0,550.449,1193.0,0.0,3,1
1,32.739,988.019,0.0,0.0,0.0,1909.423,1,1
0,23.864,1743.375,1009.734,517.481,0.0,682.947,7,1
0,30.358,785.985,544.857,0.0,827.956,597.433,2,1
0,46.446,836.729,104.213,172.915,1396.618,1356.956,3,1
0,13.908,304.949,669.616,0.0,801.012,0.0,2,0
1,43.958,128.008,0.0,0.0,0.0,1301.873,6,1
1,46.44,0.0,576.334,0.0,0.0,0.0,5,0
1,26.347,0.0,630.723,0.0,853.947,0.0,7,0
1,0.0,0.0,0.0,143.128,465.627,0.0,6,0
1,19.49,0.0,1644.833,0.0,171.628,895.373,7,0
1,46.158,170.684,0.0,347.113,2314.71,0.0,5,0
0,27.68,0.0,558.372,935.08,0.0,1990.58,5,1
1,14.01,344.096,1847.294,327.32,2262.541,1548.748,7,0
0,20.933,196.385,1560.812,623.034,344.962,1700.111,6,1
0,39.769,315.508,491.2,782.955,0.0,431.018,4,1
1,35.654,0.0,15.001,862.434,112.877,570.755,8,1
0,24.655,2219.959,1587.014,1217.278,1365.446,0.0,1,1
1,22.864,1104.075,1259.634,0.0,0.0,1345.573,2,1
0,22.515,0.0,0.0,0.0,0.0,698.825,4,1
1,15.086,371.364,0.0,608.741,129.034,895.671,2,1
0,50.615,0.0,0.0,566.629,0.0,2072.727,7,1
1,23.488,0.0,634.838,604.378,850.996,0.0,1,0
1,45.04,0.0,350.763,1227.998,1160.74,167.551,7,0
1,49.298,500.941,1813.43,176.367,0.0,643.004,3,0
1,41.976,0.0,880.866,408.648,0.0,0.0,7,0
1,21.957,849.087,2051.075,0.0,1142.307,103.021,6,0
0,33.652,865.958,0.0,1365.78,0.0,817.597,4,1
0,27.661,1113.044,1815.78,0.0,0.0,0.0,7,0
0,15.348,0.0,0.0,0.0,0.0,1674.439,1,1
1,32.541,528.988,1383.115,0.0,697.242,0.0,6,0
0,11.493,631.095,0.0,0.0,650.073,1478.91,4,1
1,44.628,0.0,732.162,0.0,0.0,994.245,7,0
1,21.495,0.0,0.0,0.0,315.594,0.0,5,0
0,30.816,1266.188,129.435,0.0,1989.846,0.0,7,0
0,31.966,367.872,978.425,0.0,0.0,0.0,8,0
1,24.375,633.379,0.0,1261.419,0.0,0.0,4,1
0,36.214,0.0,0.0,581.967,810.583,1399.535,3,1
1,21.351,0.0,1465.342,688.506,188.559,241.11,3,1
1,40.198,0.0,325.845,829.237,0.0,1521.13,2,1
1,9.156,139.386,0.0,1197.115,1027.288,0.0,8,0
1,29.769,0.0,500.275,0.0,1233.148,1042.461,4,0
1,55.145,213.601,3614.003,0.0,0.0,0.0,7,0
0,13.995,0.0,1834.203,0.0,0.0,0.0,5,0
0,18.512,0.0,1845.088,0.0,2859.268,187.516,7,0
1,35.195,656.092,972.656,1.681,951.745,0.0,3,0
1,30.514,612.464,649.782,0.0,1053.714,0.0,8,0
0,32.909,0.0,0.0,292.813,1600.184,108.57,2,0
0,34.849,0.0,0.0,189.765,328.776,411.757,7,0
1,36.886,0.0,0.0,0.0,1186.353,1631.777,5,0
0,43.536,0.0,0.0,0.0,1099.868,1283.646,5,0
1,33.737,638.937,0.0,0.0,902.946,1580.94,7,1
0,24.622,823.36,0.0,0.0,0.0,1056.375,5,1
1,37.416,0.0,404.011,31.636,499.265,649.243,1,1
0,54.598,0.0,1432.519,0.0,0.0,0.0,3,0
1,26.143,394.098,1778.129,0.0,324.096,457.366,1,1
0,14.357,0.0,947.741,0.0,0.0,926.633,1,1
0,43.499,0.0,0.0,99.541,0.0,1830.31,3,1
1,26.315,1081.429,0.0,0.0,0.0,1020.603,4,1
0,0.0,757.625,0.0,0.0,0.0,1602.403,6,1
1,39.864,322.683,0.0,0.0,0.0,0.0,2,0
0,20.505,0.0,0.0,84.04,129.681,0.0,8,0
1,26.733,357.408,258.302,0.0,752.489,750.818,7,0
0,32.648,910.727,0.0,677.799,1354.183,1519.0,8,1
1,30.667,0.0,856.771,397.276,0.0,147.51,6,0
0,37.932,1098.224,171.272,130.883,1778.615,213.432,6,0
1,21.903,1060.284,462.655,0.0,1342.472,1021.497,6,0
0,35.183,1301.426,1818.301,383.091,864.503,0.0,6,0
1,24.366,418.408,0.0,556.792,479.014,1987.775,3,1
1,38.343,601.805,952.445,249.906,661.033,0.0,6,0
1,36.615,1139.222,433.232,1068.073,1615.756,0.0,2,1
0,14.904,510.806,49.816,427.397,1655.938,310.57,7,0
1,43.204,0.0,1512.308,681.62,1778.441,2083.382,4,1
0,20.497,0.0,1504.817,244.797,355.46,915.776,3,1
1,39.313,375.061,0.0,548.372,920.464,1088.645,6,0
0,33.142,0.0,231.407,0.0,1787.901,343.455,5,0
1,53.735,126.882,787.454,0.0,0.0,140.004,7,0
0,24.871,932.756,122.392,365.644,0.0,0.0,3,1
0,23.11,0.0,1152.026,361.576,327.64,0.0,4,0
1,27.728,1217.413,787.43,454.263,1299.559,506.086,6,1
0,23.755,949.543,2649.073,786.22,1316.689,1678.177,1,1
0,39.199,0.0,0.0,0.0,56.049,661.34,3,1
1,5.372,573.204,303.077,0.0,0.0,954.78,7,0
0,13.248,222.046,0.0,298.561,580.802,1962.903,7,0
0,13.051,1019.494,1174.929,0.0,0.0,645.205,5,0
0,41.304,858.744,0.0,2061.55,0.0,171.212,7,1
1,51.949,0.0,865.575,458.803,0.0,0.0,3,1
0,26.538,601.721,0.0,126.135,669.019,2423.323,1,1
1,25.636,86.342,0.0,0.0,1807.141,852.875,3,0
0,28.981,273.841,0.0,0.0,352.784,0.0,5,0
0,44.266,0.0,0.0,186.879,542.519,0.0,4,0
0,15.017,1356.289,1751.401,232.71,1611.184,1615.717,5,1
1,31.337,896.04,419.774,0.0,0.0,0.0,4,0
0,41.653,0.0,1203.217,17.035,882.194,2246.526,5,1
0,35.015,0.0,2447.57,922.799,297.251,0.0,2,0
1,30.654,0.0,766.507,945.323,932.663,1793.725,3,1
0,42.015,502.427,0.0,311.139,0.0,811.24,8,0
1,0.0,376.134,1010.703,0.0,0.0,424.524,7,0
1,37.49,1034.536,0.0,471.562,464.56,115.769,3,1
0,18.843,733.448,0.0,1040.398,2124.11,2285.266,1,1
1,2.371,850.22,0.0,937.077,1257.001,1042.412,2,1
0,35.157,432.456,1561.509,581.278,0.0,0.0,1,1
1,47.231,0.0,0.0,966.557,0.0,0.0,3,1
1,26.076,92.796,668.518,199.895,0.0,486.162,1,1
0,41.34,909.058,0.0,521.738,1757.709,298.875,4,0
1,50.572,186.51,973.137,0.0,0.0,0.0,2,0
1,46.409,547.009,0.0,333.669,0.0,241.837,7,0
1,50.96,12.814,279.95,914.539,1763.332,0.0,5,0
1,38.39,0.0,1503.391,0.0,0.0,309.755,4,0
1,29.056,139.826,1398.911,0.0,1951.491,1062.22,6,0
0,5.572,420.881,423.564,224.594,30.996,1867.24,5,1
1,24.555,0.0,0.0,43.069,0.0,1254.333,1,1
0,16.195,66.788,4041.373,533.523,37.914,0.0,3,0
1,58.393,0.0,2545.031,0.0,0.0,687.361,4,0
0,25.538,947.509,1317.21,1132.326,794.902,366.262,2,1
0,29.725,28.604,0.0,0.0,0.0,0.0,5,0
1,35.721,1164.291,313.689,872.091,0.0,718.144,6,1
1,28.61,1213.686,0.0,0.0,67.381,2249.506,4,1
1,51.731,167.32,1966.627,0.0,0.0,334.048,7,0
0,19.283,0.0,765.003,303.21,534.752,0.0,7,0
1,30.725,0.0,0.0,27.42,0.0,331.782,3,1
0,17.605,0.0,0.0,0.0,0.0,0.0,2,1
0,9.52,0.0,1795.426,0.0,510.847,1206.786,2,1
0,19.435,1116.005,2370.117,165.318,76.295,851.108,5,1
1,27.481,295.286,2283.998,716.469,585.473,120.544,4,0
1,21.99,473.243,1358.438,497.574,1058.316,0.0,4,0
0,18.306,0.0,146.85,201.756,0.0,77.154,8,0
0,8.312,0.0,0.0,438.155,239.163,308.688,2,1
1,26.837,796.602,806.592,154.76,0.0,0.0,7,0
0,6.934,406.403,447.805,0.0,582.067,0.0,8,0
1,38.641,124.317,617.979,0.0,0.0,1495.634,1,1
0,29.154,587.148,514.677,56.226,0.0,0.0,2,1
1,7.594,1283.269,0.0,80.034,657.291,475.395,3,1
0,23.671,76.322,1118.89,646.55,1599.967,599.546,4,0
1,17.47,265.09,1208.66,594.09,0.0,638.122,7,0
0,32.468,345.188,1268.807,508.874,0.0,0.0,5,0
1,46.766,1774.871,1585.892,13.042,491.528,0.0,8,0
1,1.748,0.0,1174.862,0.0,0.0,0.0,4,0
0,29.61,664.095,0.0,400.76,0.0,715.497,7,0
0,25.758,145.379,364.996,464.095,1654.642,0.0,2,1
1,37.399,588.402,559.35,0.0,378.397,0.0,3,0
0,30.985,0.0,579.239,0.0,0.0,2533.662,1,1
1,17.472,188.173,1647.861,0.0,0.0,0.0,7,0
0,23.533,682.417,1222.403,236.276,488.294,0.0,7,0
1,16.856,2243.392,2942.812,0.0,1258.63,2291.434,4,1
1,43.064,745.224,3097.763,148.645,0.0,253.171,2,0
1,28.298,0.0,545.579,52.1,804.684,0.0,6,0
1,54.617,0.0,0.0,80.876,1773.378,1527.207,2,1
1,27.151,0.0,1934.199,0.0,2386.645,357.992,2,0
1,18.082,0.0,0.0,0.0,674.345,0.0,3,0
0,6.808,5.441,0.0,0.0,867.483,501.987,8,0
0,2.756,696.339,0.0,382.838,0.0,0.0,8,0
0,5.822,0.0,0.0,489.817,2619.728,0.0,2,0
1,31.74,901.514,1184.724,0.0,0.0,180.723,7,0
1,35.122,537.054,0.0,1021.558,0.0,0.0,2,1
1,5.863,0.0,0.0,0.0,29.273,311.228,2,1
1,40.531,128.006,861.79,1026.904,1972.841,672.127,8,0
0,21.237,1258.909,1197.533,0.0,2738.851,1195.713,4,0
0,30.055,696.806,1219.85,0.0,447.95,1484.321,2,1
1,50.571,225.709,0.0,395.231,1407.893,0.0,3,0
0,40.556,65.506,0.0,309.185,357.524,824.385,6,0
0,24.241,269.796,0.0,189.261,0.0,817.15,4,1
1,15.523,0.0,737.847,0.0,1934.418,644.21,8,0
0,0.0,0.0,2232.573,150.64,0.0,0.0,7,0
1,17.932,1547.416,0.0,0.0,1999.084,0.0,6,0
0,25.044,320.961,185.125,0.684,1738.395,827.102,2,0
1,14.179,478.796,0.0,641.314,985.44,0.0,1,1
1,26.162,182.36,0.0,273.162,2321.872,18.769,6,0
1,29.076,0.0,1610.348,511.573,2765.581,0.0,3,0
1,24.852,99.149,1103.549,40.154,117.232,0.0,8,0
0,18.9,0.0,989.32,0.0,0.0,0.0,1,0
1,30.361,1700.106,1555.231,0.0,0.0,1451.56,3,1
1,34.187,0.0,0.0,0.0,2779.15,1022.513,7,0
1,12.734,0.0,0.0,0.0,0.0,0.0,1,1
0,47.753,0.0,3072.877,0.0,1558.541,1065.838,2,0
1,26.62,1057.249,154.115,124.15,0.0,1232.004,1,1
0,28.264,229.431,1332.159,485.657,2002.092,131.302,7,0
1,37.915,0.0,457.658,19.54,0.0,0.0,6,0
0,31.265,1035.32,0.0,364.697,0.0,81.692,8,0
0,41.344,695.15,0.0,0.0,80.643,197.213,1,1
1,32.02,569.983,0.0,138.171,0.0,0.0,3,1
0,19.426,685.227,1717.322,0.0,965.93,685.399,2,1
1,33.061,1776.335,1395.95,0.0,253.466,593.802,3,1
1,11.988,1640.312,1546.893,65.187,1000.473,767.295,2,1
1,29.52,0.0,0.0,884.708,0.0,592.869,6,1
0,27.535,1275.525,2389.047,377.876,0.0,1066.335,5,1
0,25.086,469.059,0.0,180.209,0.0,111.706,4,0
1,26.2,544.412,705.389,159.063,2559.433,511.874,6,0
1,1.654,0.0,437.577,0.0,557.688,0.0,7,0
0,20.318,109.249,241.351,0.0,0.0,0.0,6,0
1,29.3,0.0,2056.311,409.331,0.0,1705.162,4,1
1,30.238,758.238,0.0,0.0,416.553,0.0,3,1
1,13.613,916.202,0.0,502.11,2339.94,1220.598,6,1
0,45.72,0.0,473.995,0.0,1441.569,0.0,2,0
0,15.874,205.677,0.0,632.312,0.0,0.0,1,1
0,41.572,949.21,4502.86,708.212,2970.191,574.656,8,0
1,33.981,98.659,1261.809,0.0,275.724,0.0,6,0
1,18.953,693.891,0.0,0.0,1680.963,0.0,4,0
1,52.854,448.258,0.0,0.0,0.0,0.0,6,0
0,11.289,442.079,0.0,0.0,0.0,67.532,3,0
1,40.868,43.645,0.0,0.0,0.0,0.0,8,0
1,42.008,0.0,587.93,1537.103,0.0,1981.175,3,1
1,18.611,0.0,2162.794,511.326,2633.298,2186.867,8,0
1,47.495,681.079,1796.027,1243.681,545.986,0.0,3,1
0,24.499,232.648,724.914,634.295,0.0,871.539,2,1
0,32.042,129.967,62.199,0.0,807.886,1201.597,7,0
1,31.645,0.0,772.575,0.0,518.267,870.134,7,0
0,26.12,21.627,0.0,499.524,993.027,0.0,6,0
0,39.351,900.493,2512.037,415.003,1640.485,43.7,8,0
1,39.109,2.091,222.972,0.0,0.0,0.0,3,1
1,3.521,0.0,346.395,0.0,0.0,0.0,5,0
0,46.261,703.374,0.0,2011.146,1220.553,0.0,1,1
1,4.725,86.83,215.478,90.956,1192.566,179.472,7,0
0,42.456,240.407,1453.781,0.0,420.809,0.0,3,0
1,43.774,1264.926,0.0,233.467,2705.31,89.859,7,0
0,12.726,206.636,0.0,34.072,0.0,0.0,8,0
1,22.249,407.969,1401.253,238.728,0.0,517.157,2,1
0,12.52,0.0,0.0,890.69,769.901,0.0,1,1
0,24.991,77.215,1719.361,100.253,0.0,605.109,1,1
0,23.688,616.192,0.0,0.0,855.068,1435.66,4,1
1,38.915,0.0,0.0,79.479,0.0,1968.919,3,1
0,46.344,350.549,0.0,0.0,0.0,0.0,3,0
0,47.54,285.514,903.656,967.383,2389.924,0.0,6,0
1,20.13,246.837,3401.846,825.827,0.0,0.0,2,1
1,25.071,894.153,1387.797,230.214,0.0,783.344,5,1
0,4.432,437.385,0.0,0.0,1597.747,0.0,6,0
0,16.718,1180.747,1812.745,0.0,0.0,0.0,5,0
1,41.508,0.0,69.985,178.469,0.0,436.875,4,1
1,50.618,308.351,2099.382,358.341,944.217,389.133,7,0
1,10.719,274.903,1418.012,0.0,1342.253,696.499,7,0
1,19.706,0.0,0.0,0.0,1652.524,765.86,5,0
1,27.63,841.592,0.0,0.0,0.0,655.524,7,1
0,31.922,1731.038,1583.262,156.899,965.61,503.338,8,0
1,16.666,208.946,631.989,0.0,0.0,358.527,2,1
0,33.937,548.264,0.0,0.0,0.0,998.001,8,0
0,21.366,274.937,0.0,0.0,1633.534,0.0,7,0
0,27.798,0.0,0.0,846.202,0.0,1921.55,4,1
1,35.648,0.0,343.952,0.0,616.025,0.0,3,0
0,28.09,0.0,3102.828,271.062,481.137,0.0,5,0
0,21.891,0.0,1415.92,296.864,0.0,61.901,2,0
1,26.465,1327.666,3078.5,896.833,1372.702,1006.244,2,1
0,26.763,145.179,1508.877,877.043,926.309,0.0,3,0
0,22.82,0.0,1682.975,137.798,0.0,270.469,7,0
1,24.377,797.95,2818.894,0.0,615.163,1132.015,2,1
0,50.381,0.0,902.716,0.0,0.0,1344.244,4,1
0,35.853,0.0,225.327,35.005,1516.783,0.0,4,0
0,23.863,264.247,1689.189,0.0,0.0,0.0,8,0
1,37.757,888.7,2194.608,480.031,0.0,0.0,6,0
1,23.327,546.095,0.0,405.373,708.227,0.0,1,1
1,44.424,381.411,0.0,501.409,369.774,0.0,3,1
0,33.175,270.777,616.627,875.199,1149.254,0.0,7,0
0,26.498,480.153,1447.799,1213.207,0.0,756.096,2,1
1,34.268,351.074,1407.709,239.812,2127.106,438.196,5,0
0,6.008,0.0,0.0,785.7,887.659,816.166,6,1
0,12.225,249.951,2743.927,0.0,1805.69,524.715,8,0
1,11.285,0.0,0.0,833.604,1271.664,1039.556,4,1
1,30.001,272.704,131.922,764.445,297.229,1222.125,3,1
0,52.255,0.0,0.0,734.713,0.0,0.0,7,0
0,59.238,1870.598,3687.995,222.679,0.0,0.0,3,0
0,36.933,194.069,740.485,0.0,2058.52,57.055,7,0
1,35.012,0.0,0.0,0.0,1833.982,276.189,4,0
1,2.785,132.783,1486.708,147.579,0.0,0.0,8,0
1,20.403,557.583,1372.963,1028.487,0.0,1257.625,1,1
1,16.971,1307.687,224.728,0.0,76.041,2378.946,3,1
0,19.308,0.0,1458.728,609.671,0.0,495.47,2,1
1,25.646,0.0,0.0,642.613,35.25,388.558,5,1
1,21.391,750.944,0.0,11.136,891.393,1191.929,5,1
1,0.29,0.0,0.0,907.153,1273.834,0.0,4,1
1,38.471,0.0,0.0,0.0,1399.33,329.892,3,0
1,12.982,52.547,2619.157,0.0,800.28,1327.988,5,0
0,31.349,174.738,2419.714,0.0,0.0,0.0,3,0
0,57.037,667.957,528.946,0.0,0.0,0.0,4,0
1,15.129,0.0,2445.518,358.307,2844.499,104.904,1,0
0,0.0,42.076,257.911,332.421,721.638,236.28,5,0
1,23.996,210.724,157.908,390.635,714.602,0.0,2,1
1,43.413,317.239,517.813,503.806,705.435,2500.969,8,1
0,55.417,283.588,300.094,0.0,766.918,0.0,6,0
0,10.786,503.404,191.764,0.0,0.0,0.0,4,1
1,34.954,768.496,1822.078,391.939,46.523,201.698,6,0
1,21.486,475.212,630.163,0.0,268.318,1253.254,8,0
1,26.517,514.831,1304.978,0.0,1719.645,318.285,8,0
0,65.021,0.0,1687.657,713.953,362.44,809.874,1,1
1,6.958,252.648,915.823,951.257,0.0,0.0,2,1
1,31.552,531.68,0.0,1042.01,783.098,1862.073,6,1
1,34.548,693.812,0.0,274.724,0.0,889.797,2,1
0,43.201,0.0,628.537,520.522,0.0,1400.087,5,1
1,29.372,0.0,244.492,937.126,0.0,683.419,3,1
1,32.313,0.0,554.87,0.0,906.755,1166.128,4,0
0,22.517,568.669,430.735,791.98,1694.637,0.0,2,1
1,31.768,892.023,3550.288,324.222,841.223,0.0,8,0
1,23.195,0.0,0.0,681.679,1005.226,1713.805,5,1
0,36.702,810.176,0.0,274.212,830.35,1937.729,8,1
1,22.825,300.262,848.852,895.904,421.46,0.0,1,1
0,33.279,139.214,0.0,295.173,1076.624,562.223,7,0
0,27.59,82.6,829.281,0.0,0.0,0.0,2,1
1,43.765,705.297,1150.66,983.079,432.197,0.0,1,1
1,27.28,431.626,1990.926,0.0,0.0,599.082,4,0
1,3.178,1699.287,0.0,871.713,1589.193,1498.011,5,1
1,45.667,0.0,0.0,119.464,148.129,774.246,1,1
0,15.32,556.766,964.514,828.566,344.043,0.0,3,1
1,18.847,0.0,1374.556,805.47,0.0,840.604,6,1
0,19.661,0.0,3082.139,410.88,1428.514,0.0,1,0
1,47.242,212.936,1596.845,454.78,1000.061,732.72,1,1
1,0.0,309.279,381.854,406.672,922.643,1766.289,8,1
1,71.928,2116.813,0.0,0.0,0.0,0.0,5,0
0,42.785,100.305,0.0,236.265,0.0,1137.115,5,1
1,31.125,0.0,0.0,0.0,555.959,0.0,2,1
1,27.231,397.457,1236.28,265.865,0.0,1589.744,6,1
1,31.998,0.0,758.397,0.0,788.382,0.0,8,0
1,35.296,160.228,0.0,0.0,0.0,0.0,1,1
0,37.033,230.416,0.0,1068.763,0.0,1030.033,1,1
1,35.778,736.49,1503.057,768.891,2286.429,682.379,5,0
0,29.254,852.854,871.995,167.68,793.434,0.0,7,0
0,25.237,0.0,1132.374,273.47,493.473,0.0,3,0
0,25.882,122.101,909.506,31.167,2493.749,103.144,8,0
0,25.271,0.0,2401.717,489.131,0.0,0.0,7,0
0,43.873,0.0,733.252,0.0,0.0,0.0,8,0
0,36.31,421.432,0.0,726.495,0.0,421.402,5,1
1,0.0,0.0,0.0,28.271,1254.186,0.0,3,0
0,37.183,0.0,749.531,0.0,1273.222,747.866,6,0
0,30.726,0.0,0.0,182.159,0.0,1864.651,7,1
0,27.738,577.294,228.853,0.0,1407.75,144.017,5,0
1,22.561,1390.93,202.992,354.062,0.0,436.659,6,1
1,43.738,0.0,0.0,0.0,1642.804,2419.002,4,1
0,41.265,0.0,0.0,432.373,0.0,0.0,1,1
1,17.18,138.824,1421.589,850.964,174.357,1550.797,6,1
0,33.699,230.204,726.854,0.0,0.0,1424.4,3,1
0,14.397,362.129,572.146,96.878,1471.633,1197.033,4,0
1,8.685,0.0,817.617,428.345,0.0,1656.335,3,1
0,19.226,89.584,561.153,0.0,263.307,594.604,2,1
1,40.074,458.882,1941.435,430.02,867.493,0.0,2,0
1,41.344,896.28,598.115,481.023,909.784,1449.302,1,1
0,35.183,0.0,0.0,776.627,1285.648,1489.484,4,1
0,38.151,0.0,2406.156,0.0,542.237,1460.58,4,0
1,35.226,358.976,894.408,0.0,0.0,346.727,2,1
0,19.019,0.0,0.0,0.0,0.0,0.0,1,1
0,34.047,1345.26,0.0,0.0,338.24,500.93,6,1
0,39.206,0.0,925.097,486.119,584.552,1289.342,2,1
1,38.56,193.16,309.394,0.0,148.111,1375.569,4,1
1,44.645,581.414,2338.976,1476.489,331.124,0.0,3,1
0,37.916,0.0,34.911,895.72,0.0,631.142,7,1
1,32.92,0.0,0.0,177.042,1044.091,0.0,4,0
1,42.982,0.0,1524.955,655.741,509.224,1334.198,1,1
1,27.629,889.136,1560.338,0.0,1412.057,0.0,4,0
1,15.654,1.018,652.382,1583.089,310.177,1124.518,5,1
1,25.717,0.0,1261.628,0.0,0.0,0.0,4,0
0,17.571,821.687,404.775,102.521,0.0,1382.987,5,1
0,18.548,4.996,730.638,0.0,90.077,637.927,2,1
0,25.977,0.0,1847.989,442.321,1127.194,0.0,6,0
1,16.906,317.146,1200.382,0.0,0.0,1025.924,5,1
1,23.689,720.988,246.871,226.927,355.297,0.0,4,1
0,1.489,1768.114,2072.835,0.0,875.043,1087.033,6,1
1,30.986,757.703,0.0,0.0,0.0,12.183,8,0
0,28.017,973.896,2912.488,0.0,392.091,0.0,7,0
0,16.561,0.0,0.0,296.441,0.0,0.0,6,0
0,37.229,0.0,0.0,0.0,0.0,0.0,4,0
1,41.126,260.515,400.899,0.0,0.0,1736.598,4,1
1,5.494,289.66,274.223,541.433,0.0,1246.201,7,1
0,17.322,0.0,1657.693,1627.389,1061.98,2005.054,8,1
0,17.232,106.059,0.0,437.45,0.0,2036.317,1,1
0,14.841,479.556,762.92,0.0,0.0,0.0,2,1
0,39.613,454.256,0.0,0.0,2254.722,102.089,5,0
1,25.286,547.787,804.169,187.69,1366.814,0.0,3,0
1,24.297,409.127,372.273,0.0,0.0,0.0,5,1
0,0.0,0.0,561.523,675.713,0.0,0.0,4,1
0,36.896,0.0,0.0,291.785,576.709,284.515,3,0
1,10.65,0.0,0.0,678.397,666.131,0.0,3,1
1,28.839,1380.104,794.727,0.0,0.0,264.12,5,1
0,31.883,228.743,1582.459,912.28,1584.422,2521.559,7,1
0,47.049,73.846,0.0,76.768,1217.747,0.0,5,0
0,9.677,0.0,0.0,0.0,840.092,504.513,5,0
1,0.0,2128.178,1186.152,1389.299,1802.401,1251.981,5,1
1,30.574,0.0,410.995,0.0,807.519,594.306,7,0
1,53.207,0.0,1446.598,0.0,803.439,607.108,7,0
0,45.345,490.294,0.0,0.0,2023.447,0.0,2,0
0,30.935,610.138,0.0,1574.652,1521.342,56.528,1,1
1,21.117,842.656,0.0,1181.841,0.0,0.0,1,1
1,39.3,1394.946,0.0,1006.6,1006.515,1188.347,5,1
0,14.37,549.002,355.454,0.0,0.0,0.0,1,1
1,34.669,0.0,0.0,1528.66,864.57,1319.643,5,1
1,35.077,52.986,1339.22,376.277,834.275,0.0,5,0
0,42.843,420.091,104.22,717.267,0.0,1310.738,5,1
1,66.635,1564.347,630.569,270.629,175.97,0.0,6,1
0,33.494,0.0,639.161,142.299,601.783,0.0,2,0
0,20.875,1001.675,683.946,29.004,0.0,908.264,4,1
0,27.642,336.944,421.045,52.602,656.181,1275.206,1,1
0,3.233,764.59,1062.721,510.755,1196.488,0.0,1,1
0,18.274,153.703,0.0,375.632,276.348,1056.641,2,1
0,22.27,0.0,2129.302,152.376,557.059,0.0,2,0
0,20.663,708.067,166.155,1015.333,1831.766,0.0,5,0
1,30.133,645.38,0.0,0.0,830.516,1657.029,5,1
0,16.486,851.837,675.688,455.537,530.907,65.147,6,0
0,43.694,211.352,0.0,571.934,0.0,0.0,6,0
1,28.003,0.0,1248.401,812.299,1048.129,0.0,8,0
1,27.87,0.0,3101.527,133.672,673.165,0.0,4,0
1,23.409,752.593,0.0,286.435,1722.113,125.74,1,1
0,30.173,495.528,848.847,722.131,361.566,0.0,2,1
1,39.551,0.0,0.0,1005.053,0.0,487.878,4,1
0,15.86,0.0,994.686,1.7,0.0,227.061,1,1
0,18.786,0.0,0.0,319.506,1119.249,1727.726,4,1
0,23.748,0.0,0.0,1110.001,0.0,745.776,8,1
0,9.158,0.0,0.0,0.0,790.445,780.555,4,1
1,16.53,0.0,1328.581,0.0,435.656,1523.415,7,0
1,21.333,0.0,1658.765,990.868,126.476,0.0,5,0
0,40.241,0.0,478.062,781.821,204.003,0.0,4,0
0,31.676,0.0,0.0,462.569,0.0,1567.319,5,1
0,30.71,1534.684,2357.428,0.0,292.645,442.634,1,1
1,39.913,1034.151,0.0,0.0,0.0,446.319,6,0
0,26.077,0.0,0.0,0.0,0.0,0.0,1,1
0,33.467,397.074,1000.067,1036.885,0.0,0.0,8,0
1,26.555,491.352,0.0,0.0,60.637,1189.058,5,1
1,31.715,994.206,1636.331,226.797,1324.391,1333.889,6,1
0,19.841,0.0,0.0,0.0,167.23,1123.015,7,0
1,0.0,929.869,1174.456,641.953,1436.073,1132.61,3,1
1,26.12,0.0,2131.8,0.0,2001.64,897.481,6,0
0,47.918,0.0,0.0,115.347,1250.439,438.099,4,0
1,40.967,690.689,0.0,0.0,897.915,115.851,8,0
0,41.516,1058.993,359.195,0.0,669.515,1570.84,8,1
1,45.306,1902.141,2295.062,174.297,1261.895,0.0,1,1
0,29.241,0.0,0.0,0.0,408.297,688.478,7,0
0,30.762,674.298,0.0,1348.849,1393.027,0.0,4,1
0,19.353,0.0,1023.769,0.0,985.516,0.0,7,0
1,23.575,729.183,0.0,0.0,0.0,52.038,6,0
0,36.621,0.0,633.031,179.352,1295.436,0.0,3,0
1,44.854,0.0,0.0,0.0,410.628,1137.744,4,1
0,26.048,0.0,3107.196,0.0,193.255,0.0,3,0
0,21.697,271.327,0.0,0.0,0.0,404.191,2,1
1,28.007,0.0,63.897,0.0,492.621,439.134,3,1
0,36.417,648.385,411.023,9.436,1406.109,0.0,1,0
0,7.786,887.482,2745.226,1263.08,1287.834,0.0,6,0
1,0.0,609.725,0.0,213.645,698.733,568.485,5,0
0,20.292,1272.212,2830.445,832.424,969.608,750.164,5,1
0,10.91,490.287,1358.612,453.907,1708.866,85.477,8,0
0,20.886,0.0,950.514,793.763,145.037,1010.733,4,1
0,25.931,1106.195,0.0,0.0,0.0,185.218,6,0
1,21.655,0.0,1135.369,0.0,1741.243,314.336,8,0
1,48.335,811.772,0.0,901.996,0.0,564.237,7,1
0,32.574,1242.927,1969.994,0.0,0.0,1273.35,2,1
1,32.207,516.847,0.0,1156.985,0.0,0.0,8,1
0,36.711,0.0,314.21,1000.978,938.411,0.0,4,0
1,12.056,0.0,0.0,0.0,0.0,0.0,3,1
0,42.548,1079.784,0.0,0.0,0.0,0.0,5,0
0,26.939,110.07,1339.584,0.0,957.06,1797.546,3,1
0,37.387,271.723,1092.55,0.0,1104.113,901.362,5,0
0,12.994,713.236,1900.812,0.0,0.0,0.0,8,0
0,6.247,672.61,0.0,410.134,162.431,0.0,5,0
0,39.45,401.22,1727.005,0.0,0.0,691.406,5,0
1,33.27,84.366,3456.539,508.09,0.0,0.0,8,0
0,15.371,16.766,0.0,521.724,602.837,0.0,6,0
1,15.825,777.634,2724.178,0.0,0.0,1712.208,7,1
0,43.756,579.82,134.206,1037.898,41.363,0.0,8,0
1,11.348,52.755,0.0,457.621,0.0,1302.4,7,1
1,50.997,923.373,83.241,589.831,1556.252,1618.089,7,1
1,15.391,136.128,1707.845,0.0,871.073,0.0,1,0
0,36.937,0.0,0.0,518.532,1182.196,0.0,8,0
0,23.399,0.0,0.0,800.78,1729.468,10.061,6,0
1,36.445,0.0,1162.247,114.779,0.0,0.0,3,0
0,20.382,42.933,453.672,1291.077,0.0,427.086,7,1
1,25.721,1021.921,1151.548,194.676,0.0,84.065,6,0
0,28.573,0.0,735.395,808.84,3764.465,678.609,7,0
1,13.969,342.509,1025.55,334.085,145.456,1766.791,4,1
1,38.372,0.0,0.0,497.892,1452.601,1158.359,2,1
0,20.815,50.799,728.077,0.0,0.0,813.702,4,0
1,24.8,0.0,0.0,377.79,1406.027,0.0,6,0
0,14.079,76.65,1996.12,0.0,2353.35,765.545,3,0
1,0.0,94.092,0.0,0.0,243.691,2108.759,2,1
1,25.326,571.187,1804.617,1146.698,0.0,0.0,4,1
0,61.777,365.133,169.672,50.289,157.324,1023.852,2,1
0,38.984,0.0,692.399,0.0,0.0,132.673,3,0
0,27.73,924.729,0.0,0.0,268.325,0.0,5,0
1,24.32,356.697,0.0,0.0,1213.064,1141.185,3,1
0,28.315,348.956,0.0,972.975,270.667,2095.191,7,1
1,35.66,214.031,0.0,0.0,0.0,1113.992,1,1
1,11.469,0.0,61.309,466.408,890.325,0.0,2,1
0,43.601,361.572,704.255,929.42,974.427,0.0,3,1
0,38.015,529.132,1662.455,0.0,0.0,451.859,5,0
1,38.055,0.0,0.0,467.933,407.705,1216.828,8,0
1,34.139,0.0,0.0,0.0,2989.584,0.0,5,0
0,28.275,54.284,0.0,1539.631,0.0,0.0,3,1
0,37.42,386.511,1026.076,694.373,216.039,3263.1,4,1
0,36.285,995.652,2109.833,62.14,2445.921,1432.585,3,0
0,23.043,0.0,1969.596,0.0,1524.593,1507.635,5,0
0,19.97,0.0,1301.919,106.162,0.0,0.0,8,0
1,29.426,0.0,1216.252,0.0,536.749,0.0,3,0
1,49.686,0.0,2487.149,1263.649,307.677,378.416,1,1
1,10.653,0.0,848.498,0.0,0.0,0.0,4,0
1,7.455,721.021,1225.356,245.489,228.323,1980.417,3,1
0,30.307,0.0,65.059,159.731,2.037,1780.828,5,1
0,28.712,498.079,0.0,104.25,434.024,0.0,3,0
0,30.427,0.0,0.0,109.175,0.0,2173.115,7,1
1,31.415,0.0,439.009,105.0,0.0,295.535,3,1
1,24.875,5.832,522.942,658.917,264.591,3018.859,2,1
0,48.858,1308.659,2761.543,511.031,2196.63,451.92,3,0
0,5.587,41.379,547.533,404.591,400.423,905.002,8,0
1,16.401,0.0,1864.612,0.0,0.0,1769.899,1,1
1,26.554,0.0,0.0,337.885,1139.494,1641.515,5,1
0,4.995,242.119,75.989,0.0,135.848,836.269,6,0
0,25.538,618.951,0.0,531.939,2364.836,151.803,2,0
1,51.261,464.046,0.0,995.719,305.696,839.839,6,1
0,28.292,328.921,1082.378,0.0,1080.547,0.0,3,0
0,31.23,975.469,459.072,23.403,0.0,459.74,7,0
0,10.358,0.0,1581.526,0.0,863.398,0.0,4,0
1,19.371,801.692,667.505,861.842,612.603,0.0,1,1
1,22.747,0.0,27.056,223.216,247.843,352.948,1,1
1,23.552,0.0,3027.956,1137.864,0.0,1625.392,7,1
1,45.943,0.0,337.316,401.702,0.0,1272.095,1,1
1,35.808,41.351,1845.601,305.772,620.588,213.992,7,0
1,12.44,189.93,0.0,208.196,1001.833,2134.339,2,1
1,31.451,294.166,1301.519,628.076,170.121,0.0,7,0
0,34.975,260.224,1563.619,0.0,625.995,0.0,8,0
0,43.962,0.0,700.19,217.793,268.294,0.0,7,0
0,50.128,96.343,0.0,130.774,418.379,0.0,3,0
0,13.789,0.0,471.903,576.235,89.511,1157.456,1,1
0,16.648,1106.099,1926.552,64.887,329.77,0.0,3,0
0,10.394,22.643,1082.977,0.0,3277.845,784.007,4,0
0,24.724,0.0,985.007,174.116,652.798,2028.598,7,1
1,34.529,1252.811,0.0,0.0,1019.827,0.0,3,1
1,41.823,0.0,0.0,0.0,791.826,802.425,6,0
0,26.937,0.0,943.629,577.189,20.901,865.911,3,1
0,23.522,0.0,942.46,494.274,1733.388,0.0,3,0
1,30.125,175.884,1907.6,431.571,0.0,1721.921,7,0
0,16.308,500.561,276.16,899.64,1470.56,0.0,8,0
0,57.254,700.789,936.989,0.0,0.0,0.0,5,0
1,5.493,1891.797,469.649,0.0,0.0,2517.194,6,1
0,30.586,0.0,0.0,130.783,711.936,848.905,2,1
1,56.33,615.678,0.0,0.0,0.0,1271.555,7,0
0,28.095,0.0,967.212,0.0,899.204,1722.638,3,1
1,25.339,0.0,658.737,125.284,0.0,0.0,1,1
1,22.996,0.0,0.0,0.0,0.0,1612.312,7,1
1,25.475,0.0,0.0,0.0,0.0,0.0,8,0
0,47.22,1314.941,1205.687,0.0,3416.584,0.0,5,0
1,0.0,767.493,130.896,0.0,0.0,14.4,3,1
0,49.468,235.077,1118.25,299.723,320.795,0.0,5,0
0,8.065,1098.16,2686.858,0.0,1567.635,1163.264,2,1
0,24.267,0.0,0.0,792.514,1450.024,580.571,7,0
0,21.991,0.0,0.0,1068.165,1246.476,0.0,5,1
1,36.24,0.0,198.749,550.454,0.0,1008.23,1,1
1,5.626,0.0,2195.791,0.0,1796.198,11.058,3,0
0,34.47,325.104,0.0,1012.91,1314.73,0.0,1,1
0,56.34,286.858,2773.033,1052.403,543.53,351.118,7,0
1,8.916,317.072,613.027,180.523,574.639,786.633,7,0
0,30.656,0.0,334.799,910.839,0.0,709.34,8,1
1,18.732,742.051,212.328,0.0,0.0,0.0,4,1
0,33.962,375.758,0.0,0.0,1670.866,1189.467,5,0
0,28.268,696.485,1707.74,0.0,1753.429,66.486,5,0
1,19.019,0.0,0.0,1138.408,0.0,0.0,5,1
0,34.83,422.469,864.497,0.0,140.836,0.0,6,0
1,53.261,0.0,0.0,169.732,152.234,1332.337,7,1
0,25.327,0.0,0.0,189.121,274.079,313.01,7,0
0,38.077,567.337,3553.17,0.0,380.724,521.416,2,0
0,9.894,279.211,952.861,0.0,1351.548,1398.093,6,0
1,14.61,0.0,1185.919,210.46,0.0,0.0,1,1
0,34.614,224.078,1815.332,0.0,0.0,0.0,7,0
0,48.778,0.0,0.0,0.0,1670.282,373.27,4,0
0,32.979,967.674,2552.75,290.418,0.0,623.36,8,0
0,23.617,86.565,0.0,771.085,0.0,24.008,2,1
1,27.99,947.057,0.0,656.961,0.0,1847.424,2,1
1,10.494,0.0,0.0,0.0,0.0,0.0,3,1
0,36.463,0.0,1148.068,0.0,2020.459,1476.059,7,0
1,40.353,0.0,712.462,10.855,1327.309,1130.711,4,0
0,21.671,789.513,249.822,1047.963,1572.273,779.609,7,1
0,21.419,0.0,435.603,531.535,1211.971,0.0,5,0
0,31.722,638.987,0.0,564.22,1350.868,1648.083,6,1
1,21.886,0.0,0.0,668.32,0.0,0.0,8,0
1,27.074,0.0,1321.814,405.629,91.538,0.0,8,0
1,57.396,0.0,1282.447,237.541,0.0,120.878,5,0
1,24.542,0.0,2351.393,540.892,78.463,727.789,7,0
1,22.983,242.037,0.0,0.0,1062.515,971.399,3,1
1,18.934,0.0,1281.378,0.0,458.042,1237.483,6,0
1,38.419,821.884,109.552,574.878,1752.629,1156.646,5,1
1,25.463,160.801,1878.57,863.133,0.0,565.574,8,0
1,18.909,104.563,1676.355,0.0,860.262,736.719,1,1
0,46.498,646.33,703.451,630.276,0.0,0.0,8,0
1,47.874,846.54,42.564,1111.229,413.594,0.0,5,1
1,19.594,206.936,1603.119,168.742,1124.367,1240.233,7,0
1,1.868,0.0,1226.285,0.0,74.047,1179.07,8,0
1,42.105,0.0,0.0,238.89,916.239,1059.989,6,1
1,18.415,0.0,0.0,0.0,0.0,0.0,1,1
1,39.069,0.0,103.761,0.0,0.0,1256.017,3,1
1,0.419,289.587,2268.497,412.583,922.733,0.0,8,0
1,40.496,0.0,1825.785,0.0,2228.411,1431.228,3,0
1,11.044,667.156,0.0,0.0,0.0,26.086,1,1
1,38.231,0.0,0.0,180.803,1654.414,2068.379,6,1
1,28.2,182.923,1979.621,157.507,357.766,0.0,6,0
0,14.645,989.592,0.0,362.391,0.0,2151.574,5,1
0,22.301,442.186,1061.154,1220.126,0.0,0.0,8,0
1,37.608,180.976,0.0,228.528,327.363,0.0,3,0
1,29.483,0.0,2390.454,504.976,0.0,504.581,3,1
0,36.182,0.0,0.0,0.0,0.0,0.0,8,0
1,55.67,0.0,1822.034,600.045,0.0,224.055,1,1
0,6.101,0.0,671.83,0.0,0.0,0.0,3,0
0,50.641,711.183,752.634,209.996,523.19,0.0,7,0
0,29.461,75.773,0.0,109.045,302.959,811.23,5,0
0,15.417,0.0,0.0,748.466,0.0,0.0,3,1
0,9.376,1369.31,185.321,0.0,532.076,0.0,8,0
1,25.352,427.977,746.287,0.0,1454.029,0.0,8,0
0,40.903,0.0,0.0,50.478,743.539,0.0,1,0
1,26.214,0.0,0.0,432.378,176.56,1677.182,5,1
1,49.156,292.076,1123.767,255.271,1330.879,0.0,4,0
0,7.684,1327.985,1125.425,860.034,0.0,0.0,1,1
0,27.831,0.0,284.711,414.929,62.589,503.618,8,0
1,10.466,854.426,1386.242,0.0,88.803,0.0,4,0
0,33.091,1129.666,0.0,0.0,0.0,2639.562,8,1
0,40.416,0.0,22.878,37.105,0.0,129.346,3,0
1,22.109,39.616,2427.453,745.657,0.0,651.979,5,1
1,0.0,0.0,531.987,0.0,2413.396,1290.957,3,1
0,30.785,87.75,601.575,185.859,0.0,1270.807,5,1
1,34.114,196.217,3217.136,405.962,2054.726,544.952,2,0
0,33.66,648.772,0.0,0.0,351.893,130.816,3,1
0,45.301,928.619,1405.716,519.012,931.351,2425.23,3,1
0,13.005,0.0,2446.784,1086.788,0.0,195.252,3,1
1,37.523,0.0,60.17,73.225,538.723,0.0,6,0
1,44.695,206.191,1481.557,0.0,1025.539,0.0,1,1
1,3.1,410.799,0.0,132.703,1041.008,0.0,6,0
1,32.475,382.121,0.0,0.0,1162.251,1162.697,5,0
1,20.941,7.662,911.96,358.666,0.0,0.0,5,0
0,26.859,301.089,1408.28,423.274,0.0,293.991,5,0
0,32.867,1205.039,1795.124,1108.356,0.0,84.896,1,1
0,21.179,468.127,2333.554,61.363,885.541,2651.963,5,0
0,18.54,0.0,369.064,398.752,1500.617,0.0,6,0
1,28.478,0.0,1882.334,0.0,2087.58,0.0,7,0
0,12.779,109.596,39.234,0.0,645.69,157.099,6,0
1,12.798,1283.881,1532.51,0.0,0.0,92.594,7,0
0,37.511,100.855,698.987,60.918,0.0,0.0,3,0
1,11.917,207.134,984.813,0.0,1455.833,214.963,4,0
1,37.328,0.0,958.209,337.552,0.0,0.0,7,0
0,34.476,934.339,0.0,0.0,0.0,675.053,2,1
0,3.839,1493.894,0.0,216.673,63.262,0.0,8,1
0,18.514,512.898,573.05,0.0,233.599,272.942,5,0
0,44.718,273.802,0.0,0.0,349.383,0.0,1,1
1,14.264,243.909,1447.453,215.003,461.962,1367.102,7,0
0,21.498,0.0,1495.867,192.693,0.0,2143.077,1,1
0,34.469,704.348,842.605,596.257,326.122,0.0,5,0
1,38.967,307.208,0.0,102.44,0.0,1760.262,4,1
0,24.478,498.422,2106.167,0.0,1115.44,0.0,6,0
0,19.635,0.0,2894.653,68.748,0.0,0.0,5,0
0,47.913,0.0,626.492,0.0,0.0,2133.199,1,1
0,52.345,0.0,1062.642,0.0,0.0,846.815,2,1
0,41.704,884.055,692.086,1307.449,0.0,304.66,4,1
1,29.194,0.0,1086.443,0.0,1619.77,1021.536,8,0
0,16.684,1573.729,306.529,13.952,526.302,587.926,5,1
0,16.374,500.061,408.523,0.0,688.889,227.32,7,0
0,35.315,0.0,1536.861,31.584,1609.344,0.0,2,0
0,33.858,136.445,3264.749,0.0,204.241,15.936,8,0
0,47.622,0.0,0.0,326.374,1139.607,954.418,5,0
1,37.106,0.0,325.425,0.0,1062.247,171.09,4,0
0,6.957,1259.656,0.0,750.816,0.0,1247.442,1,1
1,42.727,677.043,2360.43,524.246,1930.282,702.838,6,0
1,14.027,566.585,0.0,0.0,0.0,0.0,7,0
0,22.624,327.512,0.0,0.0,1319.103,0.0,6,0
0,31.503,0.0,1215.824,0.0,0.0,134.963,4,0
0,55.939,0.0,2543.173,34.107,971.36,0.0,8,0
0,71.539,767.158,1246.317,1614.963,2358.106,653.138,8,0
1,36.494,0.0,695.757,474.224,75.723,0.0,3,1
0,25.435,0.0,940.969,0.0,28.009,0.0,6,0
0,35.483,72.381,2147.809,0.0,981.484,1405.723,5,0
0,40.427,127.858,0.0,140.201,0.0,455.613,2,1
0,23.511,308.116,315.783,312.063,2310.107,0.0,2,0
0,53.133,693.537,0.0,0.0,521.411,318.524,7,0
0,31.221,634.444,0.0,94.405,0.0,1747.857,6,1
1,34.968,388.2,55.95,0.0,0.0,608.476,4,1
1,37.323,997.095,1779.265,0.0,0.0,922.598,7,0
0,33.902,0.0,1129.923,315.374,0.0,0.0,4,1
0,39.745,547.978,1223.173,603.371,0.0,1377.74,4,1
0,19.358,627.25,625.771,640.983,0.0,2734.007,2,1
1,20.184,0.0,1077.989,491.656,0.0,0.0,1,1
0,12.598,0.0,0.0,0.0,2618.725,0.0,2,0
1,34.153,0.0,78.588,570.148,0.0,484.319,1,1
0,38.905,0.0,680.405,343.07,471.296,1219.28,7,1
0,34.409,709.723,783.019,245.007,961.773,204.041,7,0
0,51.443,0.0,834.225,0.0,1003.119,0.0,7,0
0,27.922,0.0,283.998,0.0,245.532,185.987,4,0
1,37.362,0.0,0.0,211.377,45.227,927.997,8,0
1,12.716,947.111,4239.326,1536.33,806.702,0.0,3,1
0,22.581,228.478,1538.145,338.696,603.174,937.618,2,1
0,37.738,103.487,945.777,0.0,25.145,1522.946,8,0
1,39.887,148.496,170.15,0.0,0.0,552.242,4,1
1,23.884,1059.839,0.0,0.0,0.0,270.655,2,1
1,26.998,0.0,293.039,1389.284,0.0,1170.811,4,1
1,6.75,1075.08,801.395,0.0,0.0,0.0,2,1
0,23.002,356.823,0.0,677.847,346.546,0.0,5,0
1,40.465,115.727,0.0,0.0,704.61,20.099,2,0
0,36.053,1845.585,0.0,316.263,2268.498,0.0,5,0
1,35.009,0.0,698.567,613.377,0.0,0.0,8,0
1,28.697,0.0,162.872,0.0,1162.088,2221.992,1,1
1,28.099,0.0,2223.745,0.0,646.556,2580.593,2,1
1,18.756,839.1,0.0,1098.967,1735.597,0.0,1,1
1,37.784,1317.973,0.0,721.372,943.852,396.305,3,1
0,33.894,1305.45,2274.11,612.776,0.0,102.765,6,0
0,34.888,1015.567,607.343,610.875,0.0,1462.874,6,1
1,20.636,91.547,1511.811,427.362,652.388,1670.928,5,1
1,0.0,0.0,2911.496,1299.954,0.0,0.0,8,0
0,43.36,0.0,0.0,194.589,0.0,799.811,8,0
1,21.296,1543.318,330.823,493.267,0.0,0.0,2,1
1,15.921,524.836,123.088,0.0,487.073,2146.186,6,1
0,37.709,0.0,0.0,0.0,1968.478,762.26,1,0
1,22.512,1083.237,77.524,0.0,0.0,0.0,6,0
1,42.839,0.0,1507.275,883.476,959.297,46.613,6,0
0,36.638,484.304,1098.707,0.0,197.507,0.0,4,0
0,37.57,107.791,1192.9,0.0,0.0,851.369,6,0
0,8.877,635.14,0.0,0.0,1118.292,1394.008,1,1
1,44.967,178.677,0.0,0.0,0.0,0.0,6,0
0,31.658,0.0,1973.107,0.0,333.789,2230.692,2,1
0,22.83,269.125,0.0,945.528,0.0,1985.975,6,1
0,30.007,901.762,802.898,392.112,1292.385,0.0,3,0
0,3.133,201.009,646.002,0.0,0.0,376.442,6,0
0,33.721,723.825,2204.06,766.94,739.957,2096.349,5,1
0,13.589,0.0,1615.695,179.986,0.0,1594.565,8,0
1,9.063,202.93,0.0,191.037,0.0,0.0,4,0
1,6.687,0.0,0.0,0.0,0.0,1155.057,7,1
0,43.578,705.538,1144.692,0.0,2611.308,3447.058,1,1
0,19.19,240.47,372.795,0.0,915.613,410.418,8,0
0,49.472,668.548,0.0,196.018,0.0,0.0,8,0
1,20.499,927.012,1668.753,213.616,0.0,481.041,6,0
1,4.097,669.552,674.951,1034.692,0.0,558.88,6,1
1,12.369,397.527,512.949,385.631,1098.567,0.0,2,0
1,45.301,0.0,1385.794,0.0,0.0,763.706,7,0
1,25.817,218.189,0.0,317.08,154.257,0.0,2,1
1,20.324,0.0,2332.223,0.0,2257.706,0.0,5,0
1,30.24,0.0,0.0,0.0,0.0,1096.157,7,0
1,35.025,0.0,1238.315,0.0,398.424,0.0,8,0
1,43.644,0.0,2170.599,0.0,2733.641,1248.326,4,0
0,48.279,0.0,0.0,0.0,1005.367,0.0,1,0
0,22.963,0.0,37.998,283.95,448.516,0.0,1,1
0,9.435,345.697,1820.649,0.0,867.3,0.0,8,0
0,22.211,0.0,1838.693,369.734,0.0,601.207,1,1
1,31.644,230.193,244.205,1422.704,1739.594,1691.527,5,1
1,14.507,1455.174,0.0,0.0,0.0,360.504,5,0
0,14.6,884.987,1597.123,10.674,0.0,41.119,6,0
1,32.813,1288.302,1870.259,0.0,0.0,908.56,4,1
0,27.319,474.233,0.0,1.476,0.0,0.0,1,1
1,28.459,978.881,0.0,529.922,0.687,446.386,1,1
0,17.381,0.0,720.308,573.558,25.008,0.0,6,0
1,24.774,0.0,1205.233,213.324,1627.166,386.72,4,0
1,15.061,0.0,91.117,667.988,1074.822,163.672,7,0
0,40.463,990.995,1265.153,1595.791,599.592,0.0,4,1
1,42.493,1221.211,0.0,1128.891,306.76,473.293,4,1
0,2.153,0.0,0.0,0.0,0.0,466.477,8,0
0,14.987,54.931,0.0,0.0,0.0,1534.227,2,1
0,7.049,0.0,525.879,0.0,434.476,0.0,4,0
0,18.9,468.725,118.992,0.0,1184.105,220.149,3,0
1,26.832,951.206,0.0,422.755,190.833,0.0,5,1
1,7.705,0.0,0.0,0.0,0.0,1213.25,4,1
1,15.094,486.135,0.0,129.219,820.952,1091.608,2,1
0,13.945,40.163,1527.187,639.288,218.335,833.274,8,0
1,30.902,293.706,1957.437,113.61,2164.319,0.0,8,0
0,28.971,518.346,1875.256,0.0,1666.001,1229.744,7,0
1,17.896,97.668,0.0,827.896,1365.459,0.0,3,1
1,30.475,152.669,0.0,0.0,1143.508,0.0,2,1
1,20.346,80.981,1045.962,0.0,0.0,0.0,2,0
0,24.197,850.706,1212.12,146.67,1039.293,264.851,6,0
1,51.428,492.194,930.204,178.909,723.959,1008.923,2,0
1,46.766,363.379,0.0,271.078,977.067,0.0,2,0
0,9.806,0.0,0.0,511.846,851.87,1688.88,1,1
1,39.616,0.0,414.373,150.172,808.039,437.668,5,1
0,39.36,804.135,1034.662,0.0,3280.953,0.0,6,0
1,11.924,244.503,1370.769,0.0,226.196,405.994,6,0
0,39.463,648.695,623.104,0.0,1339.971,1447.152,1,1
0,49.531,1368.233,846.941,611.024,0.0,929.413,3,1
1,12.284,895.094,551.839,0.0,1179.706,1454.027,1,1
0,15.155,280.553,1272.743,644.192,1343.252,0.0,6,0
0,42.247,0.0,825.439,180.639,710.869,0.0,3,0
0,31.801,0.0,528.885,0.0,2146.172,0.0,6,0
0,35.721,110.55,127.957,516.308,0.0,2103.459,4,1
0,32.768,8.092,547.55,0.0,0.0,971.331,3,1
0,33.47,473.738,1031.51,527.383,543.618,3289.36,6,1
1,9.429,119.962,770.97,289.127,1278.888,0.0,1,1
0,42.662,11.75,906.992,0.0,507.372,0.0,6,0
0,44.374,0.0,2061.266,466.035,1724.335,150.032,1,0
1,24.789,0.0,768.197,476.09,0.0,1747.275,3,1
1,27.391,529.823,0.0,818.211,0.0,0.0,1,1
1,6.564,1335.34,1510.328,711.042,648.941,430.659,3,1
1,35.2,156.609,0.0,445.113,225.102,401.525,2,1
1,36.009,433.077,0.0,0.0,907.15,341.472,5,0
1,27.129,839.111,853.017,1541.209,279.857,0.0,7,1
1,43.741,0.0,1069.676,0.0,0.0,155.844,3,0
0,23.323,458.429,0.0,701.587,227.569,110.892,7,0
0,35.904,0.0,0.0,411.519,341.734,292.057,8,0
1,13.725,782.136,0.0,0.0,0.0,1290.693,7,1
0,27.67,318.412,0.0,100.391,86.555,2148.659,2,1
0,25.559,413.994,1582.317,125.898,0.0,0.0,2,1
0,31.154,0.0,1297.807,901.126,1252.332,0.0,2,1
1,22.827,679.571,427.053,0.0,523.423,0.0,7,0
1,26.159,1575.063,0.0,23.311,2792.428,496.457,2,0
0,39.565,0.0,0.0,0.0,486.775,0.0,3,1
1,21.885,0.0,2154.222,1141.467,0.0,551.787,7,1
0,5.508,370.545,1160.537,0.0,3247.743,1458.808,7,0
0,52.494,731.164,0.0,353.07,764.989,0.0,8,0
0,47.34,0.0,1313.519,113.212,1399.137,816.369,1,0
0,9.908,0.0,365.732,115.119,961.313,0.0,2,0
1,37.656,1103.473,105.469,623.523,995.312,783.443,4,1
1,20.958,714.329,972.254,1105.907,899.219,0.0,2,1
1,31.689,0.0,0.0,310.836,0.0,1556.074,8,1
0,32.119,0.0,37.492,536.844,714.282,1258.945,1,1
1,24.718,1239.319,595.753,354.179,0.0,896.77,1,1
0,17.027,1161.068,0.0,739.818,118.201,1132.887,5,1
1,18.332,830.116,1252.902,0.0,0.0,0.0,5,0
0,15.173,105.527,2692.88,772.219,703.217,0.0,7,0
0,16.354,273.942,0.0,791.88,677.539,1090.058,2,1
0,27.06,134.898,0.0,776.221,839.26,0.0,2,1
1,17.979,953.356,0.0,0.0,626.026,1817.917,6,1
1,37.549,0.0,269.438,75.731,0.0,0.0,7,0
1,48.821,0.0,0.0,304.102,22.896,826.989,6,1
1,19.879,876.678,699.433,0.0,1322.436,2504.212,5,1
0,31.352,191.165,609.117,1063.155,1484.642,0.0,2,1
1,34.996,1116.004,0.0,163.125,0.0,372.2,6,0
1,34.608,0.0,0.0,329.0,0.0,1406.892,4,1
0,29.063,184.394,805.12,0.0,0.0,1298.841,3,1
0,38.398,0.0,612.515,0.0,1459.728,0.0,5,0
0,34.751,224.786,0.0,0.0,1646.372,0.0,5,0
1,10.673,0.0,0.0,292.754,0.0,55.207,1,1
0,40.168,0.0,1015.67,547.12,648.04,1820.251,2,1
0,40.422,0.0,1976.279,260.603,2327.874,6.939,5,0
0,17.314,671.05,783.579,364.165,766.843,382.021,5,0
1,28.531,685.783,0.0,0.0,1873.654,0.0,8,0
0,37.567,0.0,503.463,447.899,1408.599,1040.826,6,0
1,25.07,1087.026,0.0,1000.386,0.0,463.301,4,1
1,43.022,1843.32,1719.553,564.682,101.02,0.0,7,1
0,61.094,249.904,548.213,623.343,348.23,0.0,2,1
0,16.996,0.0,0.0,334.649,424.547,0.0,8,0
1,8.665,2055.815,89.191,0.0,1317.962,0.0,3,1
0,32.253,0.0,1005.962,0.0,759.553,1133.643,4,0
0,38.102,233.069,50.343,424.73,0.0,1689.949,3,1
1,24.768,336.754,118.925,163.874,0.0,1019.836,1,1
1,48.346,1094.346,0.0,416.312,0.0,882.364,5,1
0,9.26,453.83,1129.849,1108.797,502.902,167.148,6,1
1,37.701,0.0,0.0,576.58,574.536,1113.66,4,1
0,19.518,0.0,0.0,874.976,621.547,600.592,8,1
0,52.071,0.0,4.491,223.022,0.0,2194.671,3,1
0,55.895,0.0,1627.38,0.0,1051.558,196.632,2,0
1,17.267,251.086,0.0,137.595,1097.889,1710.158,1,1
0,20.306,0.0,2535.582,0.0,0.0,1217.82,8,0
0,40.034,0.0,964.762,1042.645,0.0,1072.215,7,1
0,22.58,1035.845,856.51,612.619,309.855,0.0,1,1
1,27.364,0.0,295.922,461.487,2280.961,1275.649,5,0
1,28.355,0.0,368.057,862.128,2179.717,166.117,5,0
1,1.125,110.632,133.892,0.0,929.745,0.0,3,0
1,27.806,264.442,87.277,499.357,0.0,0.0,3,1
1,18.344,0.0,1087.041,0.0,1285.527,294.134,1,0
0,21.096,435.571,0.0,165.937,0.0,335.229,3,1
1,48.211,0.0,0.0,0.0,0.0,0.0,5,0
1,10.409,1332.169,0.0,540.573,0.0,0.0,1,1
1,39.385,560.574,2904.785,297.785,422.62,810.95,1,1
0,24.095,0.0,1086.411,923.266,0.0,1215.29,7,1
1,24.083,0.0,815.391,0.0,416.073,499.797,2,1
1,39.065,151.771,0.0,567.104,0.0,1508.376,2,1
0,32.761,618.314,1198.011,260.845,496.809,209.296,3,0
1,35.989,203.429,310.114,0.0,0.0,242.931,8,0
0,41.555,78.847,707.003,0.0,1506.734,0.0,3,0
0,23.362,257.941,0.0,86.068,884.08,0.0,8,0
0,19.429,0.0,642.323,792.884,3.469,2247.395,5,1
0,12.808,0.0,0.0,429.685,928.992,1487.864,8,1
0,16.444,0.0,0.0,0.0,0.0,0.0,5,0
1,69.287,852.922,1330.928,91.423,389.613,463.54,2,1
0,45.426,414.219,0.0,1299.972,1184.251,194.951,1,1
0,9.085,0.0,1127.732,232.285,0.0,12.308,4,0
1,9.486,1454.178,1271.383,0.0,0.0,0.0,6,0
0,34.746,276.561,0.0,445.374,285.091,700.333,6,0
1,35.662,0.0,0.0,597.5,94.077,1159.084,7,1
1,35.684,776.879,182.369,0.0,1912.812,722.511,4,0
1,24.431,478.731,788.443,451.442,0.0,173.456,8,0
0,26.244,476.477,266.574,0.0,0.0,134.912,7,0
0,32.59,0.0,970.275,572.823,0.0,1283.655,3,1
0,29.203,512.822,2565.576,265.028,1971.315,786.617,6,0
1,0.0,49.857,0.0,439.902,39.081,376.324,7,1
0,24.783,581.362,0.0,0.0,0.0,262.304,6,1
0,16.08,0.0,1441.108,0.0,252.269,662.534,4,0
0,30.453,0.0,2469.977,699.478,1009.859,0.0,7,0
1,69.794,1339.401,921.322,125.538,692.1,1162.616,4,1
1,33.145,0.0,0.0,329.619,3222.673,0.0,2,0
0,23.611,0.0,301.329,0.0,809.329,0.0,1,0
0,40.905,0.0,0.0,673.287,0.0,941.661,5,1
0,34.758,0.0,1221.427,0.0,0.0,0.0,8,0
0,33.881,0.0,0.0,94.063,0.0,0.0,2,1
1,36.496,70.119,89.845,610.156,0.0,366.232,6,0
1,56.792,308.309,0.0,826.862,353.851,0.0,5,1
1,12.168,185.872,602.19,0.0,1171.815,0.0,2,0
1,34.631,125.829,10.39,1267.423,0.0,1094.424,2,1
0,15.031,247.977,662.115,345.415,0.0,84.975,4,0
0,35.777,884.847,476.821,0.0,1977.54,1649.761,5,0
0,15.138,96.21,0.0,376.669,0.0,0.0,2,1
1,22.157,0.0,1202.252,0.0,0.0,201.35,4,0
0,23.869,37.268,391.481,413.078,0.0,719.564,3,1
1,41.661,596.575,0.0,146.001,0.0,0.0,5,0
1,40.858,1137.817,3139.112,211.593,734.849,1383.35,8,0
0,10.56,0.0,1021.716,0.0,0.0,836.213,7,0
0,28.769,284.307,266.087,724.434,68.344,0.0,2,1
0,18.066,439.932,2148.245,0.0,1578.228,260.371,6,0
1,10.381,0.0,2660.179,0.0,0.0,705.255,3,1
0,24.962,233.271,275.581,375.722,1162.598,0.0,4,0
1,23.681,0.0,866.877,1067.593,1972.455,0.0,2,0
0,61.974,0.0,0.0,0.0,0.0,592.382,6,0
1,34.061,458.385,273.369,562.545,1120.725,2621.805,4,1
1,8.713,0.0,211.125,771.07,44.0,0.0,4,1
0,20.093,351.482,671.792,626.223,1326.508,1947.703,7,1
1,42.299,208.368,849.313,0.0,0.0,0.0,6,0
1,57.238,0.0,1121.794,0.0,0.0,526.323,4,0
0,5.796,190.585,735.171,0.0,0.0,1110.099,5,1
1,1.681,0.0,0.0,22.809,0.0,291.166,7,0
0,54.194,1124.132,0.0,829.729,0.0,0.0,3,1
1,33.455,0.0,0.0,0.0,68.521,1062.434,7,0
0,15.844,92.74,111.311,562.118,1102.015,2286.028,3,1
0,35.485,0.0,1710.929,0.0,0.0,615.616,1,1
1,0.0,590.774,0.0,229.401,0.0,0.0,7,0
1,28.047,4.57,21.102,566.363,0.0,100.761,7,0
1,32.589,0.0,1593.611,0.0,0.0,2945.693,8,1
1,40.94,774.581,90.147,265.471,0.0,441.652,2,1
1,13.805,239.13,1002.499,0.0,0.0,0.0,7,0
0,29.2,555.819,282.55,564.883,386.426,0.0,4,1
1,15.044,0.0,758.14,301.778,0.0,0.0,8,0
0,31.575,0.0,175.833,201.644,1372.907,681.763,2,1
0,15.465,289.685,1250.479,1042.676,0.0,987.374,8,1
1,22.287,12.75,0.0,540.891,0.0,0.0,8,0
0,14.059,627.183,14.026,0.0,2304.198,284.281,3,0
0,37.116,168.06,805.887,121.916,0.0,0.0,3,1
0,40.018,353.299,1090.434,127.497,49.813,439.575,4,0
0,24.715,0.0,2241.543,214.979,0.0,805.57,5,0
1,28.535,1447.484,0.0,1583.725,0.0,0.0,6,1
0,7.72,113.243,2225.378,377.677,2012.042,2074.975,4,0
1,23.805,673.432,0.0,0.0,498.143,0.0,4,0
1,27.297,0.0,2044.376,0.0,457.047,597.65,1,0
0,64.691,420.206,1430.961,0.0,0.0,1190.733,6,0
1,12.432,0.0,0.0,0.0,704.616,218.846,8,0
1,48.498,513.844,818.447,0.0,1583.164,102.099,8,0
1,41.956,0.0,388.517,0.0,1574.425,0.0,7,0
0,31.929,238.974,1200.702,0.0,1045.167,1725.209,8,0
1,52.621,673.683,182.074,385.13,0.0,121.612,5,1
1,33.209,0.0,81.305,170.302,654.436,864.234,8,0
1,33.448,0.0,2092.913,339.659,1044.343,1006.357,2,1
0,27.256,517.261,331.535,111.451,0.0,0.0,6,0
1,45.13,1583.844,1441.707,0.0,0.0,92.595,5,0
0,43.351,130.246,179.578,457.572,1286.973,1701.206,4,1
0,19.241,604.238,2449.996,1246.446,1273.65,0.0,4,0
0,9.531,150.469,0.0,399.159,0.0,2534.314,4,1
0,25.158,1482.46,0.0,0.0,1184.524,0.0,4,0
0,16.799,0.0,2279.421,0.0,414.834,0.0,4,0
0,27.111,281.504,0.0,0.0,1169.11,438.924,6,0
1,45.324,0.0,2371.289,423.702,0.0,2618.766,7,1
0,21.598,0.0,1520.209,770.946,1019.702,0.0,6,0
1,27.4,413.35,264.42,316.085,1238.212,151.933,7,0
1,28.812,310.674,0.0,617.937,0.0,800.078,6,1
0,39.878,34.856,426.818,566.3,329.528,335.332,5,0
1,0.0,150.974,571.956,453.659,0.0,701.018,4,1
1,19.506,2233.895,1850.661,0.0,2126.803,0.0,3,0
1,30.958,52.186,2356.137,267.397,177.701,0.0,6,0
1,44.801,551.581,0.0,0.0,0.0,144.156,3,1
0,21.113,0.0,1411.418,179.76,0.0,0.0,8,0
1,1.728,411.901,1368.483,355.284,449.448,253.079,1,1
0,36.676,65.148,1738.095,1110.119,1138.664,0.0,8,0
1,19.105,0.0,1048.428,0.0,0.0,0.0,2,1
1,11.345,1402.284,0.0,439.644,2342.426,636.532,6,0
0,19.259,985.17,263.493,999.492,649.543,0.0,3,1
1,25.417,308.885,0.0,594.955,823.102,59.455,1,1
1,19.534,0.0,206.873,636.449,203.092,2733.221,5,1
1,0.0,0.0,1626.005,499.109,331.185,0.0,2,1
0,40.559,1976.968,816.181,897.067,146.889,1649.776,7,1
1,45.848,70.07,1827.709,0.0,1429.576,357.389,8,0
0,37.121,937.091,860.105,0.0,301.279,0.0,4,0
1,12.072,1157.263,0.0,166.453,1153.755,0.0,6,0
0,25.179,362.327,0.0,0.0,0.0,446.666,6,0
0,27.909,0.0,628.571,859.162,525.205,1826.067,4,1
1,36.383,0.0,193.288,853.601,0.0,0.0,8,0
1,37.357,664.706,0.0,0.0,1648.181,214.991,8,0
0,17.722,0.0,0.0,0.0,0.0,1360.889,7,1
0,29.148,334.498,0.0,129.485,0.0,657.914,5,1
1,34.402,0.0,216.61,199.132,0.0,0.0,2,1
0,48.382,47.596,1249.053,241.217,0.0,403.832,6,0
1,37.863,241.917,676.357,482.61,1104.745,1887.847,3,1
1,39.047,394.586,2379.681,73.329,0.0,261.212,8,0
1,29.174,0.0,0.0,698.188,1843.317,0.0,7,0
1,47.746,997.992,1507.271,419.731,0.0,707.626,8,0
0,33.737,0.0,506.758,0.0,496.315,91.621,2,1
1,15.945,0.0,1283.603,917.663,0.0,0.0,1,1
0,47.647,149.135,0.0,0.0,773.07,0.0,7,0
1,37.771,242.344,1736.016,118.387,292.455,1323.863,8,0
0,21.797,324.383,804.27,711.474,139.432,0.0,6,0
1,21.287,1105.386,0.0,0.0,1617.322,0.0,5,0
0,32.152,66.308,435.571,343.351,0.0,262.58,7,0
0,34.485,142.247,162.533,474.27,955.167,0.0,3,0
1,30.762,0.0,1037.014,0.0,0.0,405.051,2,1
1,32.358,753.36,0.0,129.412,433.954,87.144,7,0
1,51.799,339.801,414.778,82.358,0.0,0.0,2,0
1,43.002,0.0,924.369,0.0,0.0,0.0,3,1
0,30.669,0.0,489.628,1458.938,219.643,764.891,1,1
1,41.178,1158.868,2066.329,0.0,2306.114,344.014,1,0
0,13.545,0.0,1378.827,732.761,420.884,213.96,7,0
0,33.571,0.0,441.023,0.0,2130.135,2334.253,2,1
1,53.33,452.924,710.027,0.0,552.356,1067.589,4,0
0,24.947,0.0,804.799,227.576,0.0,1195.063,3,1
0,16.133,0.0,933.96,533.492,2003.292,125.733,8,0
0,18.871,0.0,0.0,685.485,790.719,531.152,6,0
0,12.745,688.648,88.168,1044.868,0.0,0.0,8,1
1,17.013,0.0,0.0,1819.338,827.629,1116.427,7,1
1,22.813,2122.726,1983.937,310.288,0.0,184.08,1,1
1,8.322,0.0,376.981,0.0,0.0,533.497,6,0
1,28.219,0.0,217.991,423.61,1339.57,468.642,1,1
0,40.632,0.0,1526.157,20.921,1514.427,280.925,1,0
0,15.291,378.038,956.79,688.541,2331.736,3385.097,5,1
1,49.27,0.0,0.0,0.0,774.358,0.0,7,0
1,35.151,618.016,364.914,1496.267,36.404,0.0,6,1
1,42.428,0.0,47.8,649.387,1228.488,1028.802,4,1
0,18.79,0.0,0.0,0.0,1244.802,0.0,1,1
1,39.963,0.0,0.0,0.0,2112.109,0.0,4,0
1,12.713,0.0,229.752,627.005,260.91,0.0,2,1
1,40.463,0.0,312.059,828.753,127.863,816.136,2,1
0,30.406,24.363,0.0,0.0,0.0,829.47,8,0
0,35.746,0.0,1831.999,569.294,901.208,0.0,8,0
0,11.542,1028.214,327.476,0.0,0.0,1050.558,5,1
0,15.469,1018.22,495.064,119.972,1163.696,0.0,8,0
0,36.361,2.378,930.77,792.746,956.619,0.0,4,0
0,14.723,0.0,0.0,0.0,953.577,121.522,3,0
0,34.485,0.0,997.627,0.0,462.048,0.0,5,0
0,8.86,0.0,9.51,251.88,1996.276,0.0,1,1
1,39.874,0.0,0.0,0.0,1269.193,0.0,2,0
1,10.745,0.0,1138.137,522.553,0.0,1028.721,8,0
0,35.732,0.0,2240.009,0.0,0.0,1646.214,7,0
0,36.759,0.0,1319.795,0.0,0.0,0.0,2,0
1,18.245,0.0,1557.573,0.0,916.412,1069.877,3,1
0,36.148,355.41,0.0,265.169,0.0,968.369,5,1
0,31.646,454.24,0.0,79.893,1501.731,1579.539,4,1
0,20.456,0.0,2238.165,0.0,1765.271,0.0,7,0
1,13.88,1046.192,2915.418,278.527,0.0,0.0,2,1
1,0.523,0.0,2301.368,745.159,105.897,373.695,1,1
1,32.895,0.0,47.057,49.282,328.283,0.0,3,1
1,6.093,467.506,0.0,320.173,1282.381,0.0,3,0
1,29.335,0.0,0.0,323.054,2080.278,0.0,6,0
0,24.312,428.839,0.0,0.0,0.0,0.0,3,0
1,37.508,0.0,321.146,1321.688,0.0,448.637,1,1
0,23.771,1125.096,2376.814,0.0,17.382,1038.314,3,1
0,23.388,656.991,280.005,537.425,0.0,0.0,8,1
1,38.246,0.0,812.787,600.761,0.0,715.482,4,1
1,32.691,0.0,2100.716,91.827,780.546,315.557,6,0
0,32.426,1306.973,0.0,509.805,3.453,1282.269,8,1
0,34.57,0.0,2892.638,307.659,0.0,101.979,4,0
0,6.502,0.0,2840.513,0.0,3471.491,217.127,7,0
1,38.595,0.0,292.666,0.0,602.796,0.0,5,0
1,36.575,0.0,0.0,0.0,432.864,129.639,5,1
1,13.766,71.982,1286.686,0.0,0.0,0.0,7,0
1,24.583,685.071,32.97,0.0,596.777,0.0,8,0
1,27.45,0.0,0.0,800.803,129.365,1114.554,7,0
0,26.117,0.0,1987.486,1067.116,0.0,0.0,8,0
1,32.674,513.126,1909.737,717.682,0.0,0.0,8,0
0,48.039,874.375,636.614,881.496,1184.419,1366.11,4,1
0,43.145,0.0,0.0,0.0,2448.419,0.0,1,0
0,9.629,922.984,0.0,0.0,713.882,1170.177,6,0
1,36.709,244.402,578.675,0.0,1523.392,0.0,5,0
1,46.605,929.673,0.0,530.676,138.669,0.0,8,0
1,33.415,174.357,40.688,297.155,214.799,0.0,3,1
0,43.274,0.0,1676.356,126.756,1510.077,1678.36,7,0
0,56.172,121.221,1329.815,895.283,2139.055,0.0,4,0
0,42.332,909.093,2103.771,396.767,1741.206,1084.546,2,0
0,31.49,0.0,0.0,0.0,0.0,0.0,1,1
0,42.631,0.0,38.17,0.0,236.345,1683.253,1,1
0,30.028,105.513,1360.778,551.916,615.277,2617.122,4,1
1,28.335,0.0,987.694,753.37,24.354,0.0,8,0
1,23.08,1306.376,2288.856,478.941,736.643,0.0,2,1
1,49.888,0.0,954.644,1232.258,1212.634,1111.788,1,1
1,16.542,548.728,2667.731,1085.604,1413.091,838.695,6,0
0,49.453,163.644,1098.021,416.98,2164.457,1115.768,5,0
0,34.998,1037.452,1724.601,0.0,0.0,0.0,6,0
1,8.41,483.936,61.782,0.0,0.0,2386.911,2,1
0,33.147,67.299,467.145,0.0,704.058,423.952,6,0
1,0.0,0.0,1543.133,591.8,2382.192,0.0,3,0
1,36.757,738.603,2385.574,1192.922,0.0,34.194,7,0
1,40.393,0.0,1325.084,403.77,1065.532,0.0,7,0
0,19.707,639.829,350.194,824.485,1075.32,1970.488,5,1
1,29.73,0.0,2102.802,32.628,520.586,0.0,2,0
1,55.358,1033.984,0.0,518.751,317.617,817.108,4,1
1,20.92,324.845,0.0,631.08,0.0,0.0,8,0
0,13.175,638.68,1267.961,0.0,0.0,0.0,1,1
0,48.743,273.293,466.93,0.0,0.0,0.0,5,0
1,55.476,0.0,1176.616,701.832,0.0,928.083,4,1
0,28.052,0.0,527.289,323.702,1517.165,1664.14,2,1
0,42.16,657.053,1135.135,0.0,196.559,0.0,3,0
0,46.781,328.326,0.0,0.0,0.0,0.0,1,1
0,17.605,987.643,1134.583,0.0,0.0,1143.482,1,1
0,21.206,482.128,1643.297,129.912,1032.486,0.0,5,0
0,45.232,0.0,1914.661,0.0,1804.193,1580.51,4,0
0,51.59,0.0,2866.265,250.128,1479.779,0.0,7,0
0,35.88,286.896,742.918,453.577,976.765,0.0,2,0
0,15.683,0.0,778.693,545.585,0.0,560.886,2,1
0,55.819,1307.737,0.0,0.0,0.0,0.0,4,1
1,20.566,507.135,0.0,0.0,2452.035,0.0,1,0
1,23.308,1017.572,218.302,0.0,1544.146,671.681,8,0
0,32.793,0.0,1710.383,490.417,0.0,0.0,4,0
1,49.758,1028.967,0.0,443.971,248.85,2024.54,6,1
1,39.956,1670.474,1405.608,434.247,709.408,345.822,7,0
0,33.808,0.0,448.054,0.0,0.0,0.0,2,0
0,34.486,721.411,237.398,0.0,0.0,0.0,8,0
0,28.609,220.721,748.673,0.0,418.706,1341.229,4,1
1,35.814,0.0,0.0,600.189,0.0,931.106,1,1
1,0.0,540.375,0.0,0.0,0.0,1756.12,5,1
0,23.847,761.842,0.0,646.02,0.0,0.0,8,0
0,31.379,0.0,152.455,286.398,162.956,611.413,6,0
0,11.886,977.846,0.0,144.775,300.009,747.896,1,1
1,33.409,0.0,0.0,0.0,0.0,1030.031,3,1
1,25.137,0.0,950.248,0.0,67.77,1483.645,3,1
1,52.577,308.788,1240.358,0.0,0.0,0.0,4,0
1,50.022,236.5,728.633,0.0,652.143,180.121,7,0
0,21.479,0.0,1644.498,0.0,0.0,0.0,7,0
0,25.888,746.236,1140.674,59.481,0.0,244.758,1,1
0,26.965,565.081,95.933,687.64,1321.105,1033.354,1,1
0,21.677,777.79,0.0,487.642,0.0,0.0,2,1
1,30.73,139.961,825.387,0.0,1098.073,1464.84,5,1
1,17.384,611.677,1138.521,196.284,1581.306,0.0,6,0
0,12.171,0.0,2127.413,0.0,0.0,0.0,1,0
0,36.718,1554.982,1879.408,253.306,143.501,1606.139,8,0
1,36.813,0.0,0.0,1032.46,0.0,644.41,6,1
0,16.74,1588.443,327.592,712.359,179.971,656.506,4,1
1,40.535,242.677,1255.221,461.645,302.112,0.0,2,1
0,19.158,0.0,1731.597,0.0,0.0,0.0,7,0
0,31.544,1109.252,1576.763,589.966,2427.322,1288.319,6,0
0,39.485,301.836,373.347,0.0,624.617,0.0,6,0
0,27.529,773.231,0.0,28.682,0.0,0.0,6,0
0,34.366,1015.506,0.0,496.878,1921.917,1312.149,6,1
0,20.77,439.671,777.16,584.636,0.0,0.0,6,0
0,25.249,0.0,860.671,545.135,0.0,582.697,7,0
1,25.118,854.214,0.0,335.105,0.0,345.053,2,1
1,17.548,220.491,503.484,60.394,2291.15,297.18,4,0
1,25.525,665.808,1207.469,471.267,675.581,0.0,6,0
1,6.319,0.0,0.0,0.0,1035.342,0.0,6,0
1,21.124,510.538,1775.997,0.0,641.101,0.0,4,0
0,24.012,0.0,0.0,204.571,941.145,806.798,1,1
0,24.413,1294.651,1959.136,266.991,395.885,0.0,1,1
1,24.619,625.007,0.0,0.0,608.013,1317.182,7,1
0,27.135,375.908,0.0,424.882,428.364,64.217,2,1
1,34.712,536.101,0.0,602.728,0.0,0.0,2,1
1,40.243,0.0,335.822,126.72,258.713,50.295,5,0
0,18.903,1275.117,0.0,1499.701,610.954,0.0,2,1
0,11.155,1514.391,190.798,0.0,431.604,1359.559,7,1
0,13.411,475.394,850.758,0.0,0.0,0.0,4,0
1,21.179,1253.762,244.585,0.0,0.0,9.979,6,0
0,23.073,0.0,370.665,127.335,1501.126,1782.124,4,0
1,17.22,0.0,0.0,0.0,0.0,833.681,7,0
1,9.854,246.601,920.038,0.0,953.198,2045.841,5,1
1,21.614,502.712,342.956,0.0,0.0,1621.997,3,1
0,30.54,0.0,2382.352,115.332,0.0,0.0,7,0
0,36.33,569.549,0.0,858.0,0.0,1339.448,7,1
1,20.196,419.153,0.0,1403.256,65.178,1901.568,3,1
0,22.218,0.0,1191.682,917.865,0.0,1909.454,4,1
0,15.026,557.215,865.832,0.0,1733.327,1337.501,3,1
0,27.56,781.293,0.0,0.0,507.476,1315.899,7,1
1,16.122,331.455,0.0,80.776,2343.832,0.0,7,0
1,36.024,969.221,2294.876,1169.353,754.849,0.0,3,1
0,2.998,0.0,2146.932,77.363,0.0,0.0,8,0
1,22.965,524.168,0.0,0.0,1471.646,0.0,7,0
0,32.216,0.0,0.0,0.0,0.0,1709.935,5,1
0,30.574,0.0,2447.03,593.951,563.587,2.542,7,0
0,65.702,0.0,0.0,556.367,0.0,1655.897,7,1
0,32.897,0.0,0.0,57.879,2666.982,0.0,6,0
1,13.943,0.0,110.689,552.712,1893.558,1436.756,2,1
1,26.664,80.802,0.0,0.0,0.0,0.0,2,1
1,3.133,764.15,0.0,228.144,169.907,0.0,3,1
0,26.872,11.247,1713.057,651.984,579.058,2008.474,1,1
0,16.337,0.0,0.0,0.0,1259.755,1462.677,5,0
0,40.815,961.044,746.726,0.0,342.067,522.382,6,0
1,20.306,0.0,1513.895,0.0,0.0,335.635,6,0
0,26.365,181.832,0.0,1060.342,0.0,761.486,3,1
1,19.102,510.249,0.0,0.0,305.07,504.36,1,1
1,52.344,349.747,1905.815,304.984,1667.903,0.0,1,0
1,23.503,931.217,1089.47,508.194,780.622,0.0,6,0
1,53.656,531.352,0.0,1016.758,0.0,2358.754,5,1
1,39.398,0.0,1892.699,83.817,1023.21,3105.765,2,1
1,34.749,1636.065,1897.843,0.0,0.0,1940.802,6,1
0,33.162,346.317,772.863,266.918,1289.449,802.135,8,0
0,33.513,124.229,0.0,889.085,3089.711,0.0,8,0
1,1.013,846.552,0.0,74.703,0.0,0.0,7,1
1,24.096,382.143,793.664,0.0,1191.766,0.0,6,0
0,39.832,479.498,223.686,0.0,0.0,0.0,7,0
1,27.315,1839.92,1576.749,0.0,186.51,2558.722,4,1
1,8.327,41.171,0.0,654.059,342.519,2196.596,1,1
0,27.266,13.455,0.0,0.0,96.948,1083.592,4,1
1,51.857,295.776,667.045,0.0,3019.315,0.0,8,0
1,45.456,916.485,0.0,0.0,0.0,1237.709,4,1
1,27.132,0.0,0.0,217.626,955.537,49.452,5,0
0,41.32,0.0,0.0,35.905,0.0,0.0,8,0
0,22.869,0.0,473.455,17.046,785.196,601.456,6,0
0,4.146,0.0,386.694,925.621,1566.26,0.0,2,1
1,15.057,0.0,1234.175,1031.289,0.0,0.0,8,0
1,49.88,546.625,532.687,0.0,0.0,37.072,7,0
0,24.164,0.0,290.875,353.452,267.483,0.0,7,0
1,24.593,0.0,1862.401,0.0,328.902,264.03,5,0
1,23.802,265.069,0.0,30.979,1106.483,213.553,1,1
1,54.658,780.653,1093.667,343.196,2521.993,0.0,2,0
1,50.763,0.0,0.0,50.877,0.0,1896.292,6,0
1,59.063,753.151,0.0,299.058,0.0,0.0,8,0
0,25.773,751.249,0.0,546.863,0.0,0.0,3,1
1,32.139,840.155,1388.331,334.963,527.886,0.0,2,0
0,6.767,1012.012,371.508,0.0,837.29,186.248,7,0
1,48.677,1651.309,433.796,0.0,0.0,1831.929,5,1
0,11.651,0.0,0.0,0.0,1166.551,582.895,5,0
1,31.035,291.222,90.368,0.0,821.922,894.789,4,1
0,12.638,0.0,0.0,1268.758,357.555,588.263,8,1
1,19.756,221.285,910.146,0.0,0.0,543.035,6,0
0,16.278,1216.368,0.0,0.0,0.0,625.216,3,1
1,19.49,0.0,2045.753,349.16,0.0,0.0,6,0
0,20.452,0.0,0.0,108.196,569.366,37.586,2,0
1,20.324,1115.168,0.0,60.468,338.975,1520.374,3,1
0,39.667,883.024,2462.641,959.066,517.327,4439.448,6,1
0,12.532,0.0,0.0,477.511,864.751,0.0,4,1
1,31.088,775.361,0.0,0.0,734.404,744.234,3,1
1,45.051,441.79,712.886,0.0,188.579,0.0,3,0
0,20.815,1195.178,0.0,0.0,363.535,2450.034,2,1
1,17.949,268.431,0.0,659.854,0.0,0.0,3,1
0,24.773,886.661,0.0,0.0,0.0,956.186,4,1
0,44.516,1937.308,3772.048,0.0,365.518,0.0,8,0
0,30.718,608.764,148.138,142.941,0.0,0.0,1,1
1,20.563,252.063,0.0,0.0,1256.166,263.971,1,1
0,34.774,689.591,2242.452,1393.169,0.0,1423.176,5,1
0,12.568,0.0,1183.285,0.0,547.936,0.0,1,0
1,37.539,1772.179,0.0,79.356,438.222,996.552,2,1
1,33.721,337.046,0.0,314.594,1130.905,319.717,5,1
1,23.691,42.593,1258.167,8.351,1300.87,586.433,1,0
1,16.26,0.0,153.698,7.583,1073.436,1306.249,1,1
0,15.586,933.193,0.0,406.223,0.0,0.0,5,0
0,35.487,783.672,2594.688,1024.681,1623.563,1151.125,2,1
0,45.206,0.0,0.0,599.805,1990.039,0.0,5,0
0,19.078,594.693,2244.686,997.968,0.0,1450.667,7,1
1,34.417,0.0,1984.122,0.0,570.312,651.286,8,0
0,0.0,340.231,0.0,347.723,0.0,79.995,7,1
0,19.815,514.292,1689.828,256.938,0.0,0.0,2,0
1,27.565,1329.764,0.0,366.611,0.0,1164.46,2,1
0,15.264,0.0,0.0,940.69,0.0,1623.999,6,1
0,14.889,0.0,0.0,46.358,0.0,0.0,4,0
0,18.651,0.0,927.165,0.0,0.0,0.0,1,1
0,32.091,0.0,0.0,469.029,0.0,1028.922,6,1
0,25.377,1088.827,81.542,0.0,297.893,0.0,1,1
0,0.0,1226.616,1822.279,37.363,0.0,0.0,6,0
1,0.0,428.141,577.793,94.849,907.877,0.0,8,0
1,19.504,1013.842,0.0,0.0,1059.827,0.0,3,1
0,34.408,307.073,1292.436,761.953,2928.427,0.0,7,0
0,0.0,158.177,687.211,0.0,1548.248,0.0,8,0
1,21.004,3.526,0.0,93.911,577.413,0.0,5,0
0,20.633,18.246,964.023,334.168,0.0,974.598,6,1
0,47.437,0.0,920.194,927.933,633.122,0.0,7,0
0,22.61,391.766,474.145,164.088,669.256,0.0,4,0
1,33.362,193.783,1520.041,694.246,0.0,2344.033,1,1
0,29.978,704.484,0.0,562.333,1172.105,248.367,3,1
1,0.0,280.79,853.8,239.136,0.0,659.658,4,1
0,38.755,114.243,0.0,0.0,41.16,0.0,2,0
1,31.016,0.0,938.508,0.0,921.444,2571.649,8,0
1,35.116,266.9,2793.672,229.643,0.0,0.0,1,0
0,80.0,699.854,0.0,0.0,82.57,60.49,7,0
1,0.0,0.0,0.0,684.786,158.436,1682.912,6,1
0,52.146,276.858,0.0,587.68,0.0,109.179,5,1
1,23.976,371.478,605.998,66.618,1601.291,350.283,4,0
0,32.023,0.0,0.0,0.0,0.0,4.227,7,0
0,27.363,0.0,955.497,456.012,659.975,11.426,3,0
1,22.061,369.897,1466.208,0.0,765.013,689.027,5,0
0,20.022,0.0,1091.217,0.0,0.0,880.59,2,1
0,32.613,447.45,0.0,0.0,390.415,0.0,5,0
1,6.76,0.0,1644.201,92.439,0.0,0.0,7,0
0,38.508,910.855,1574.841,825.308,1840.147,0.0,7,0
0,22.173,1739.588,1446.194,167.177,0.0,0.0,3,1
1,12.179,0.0,897.411,0.0,0.0,0.0,2,0
1,21.7,567.235,714.227,0.0,0.0,612.026,3,1
0,45.6,0.0,1688.867,479.19,0.0,1285.526,7,0
0,20.505,896.62,2758.216,0.0,2060.337,1214.598,1,1
1,33.018,0.0,0.0,235.81,907.052,0.0,3,0
1,17.767,532.381,1743.75,0.0,464.323,42.682,8,0
0,38.611,0.0,346.539,639.379,0.0,0.0,5,0
1,37.597,85.46,294.392,81.948,1308.373,450.924,7,1
0,53.881,0.0,0.0,137.001,0.0,0.0,1,1
0,25.542,754.528,108.253,442.018,1183.003,921.508,1,1
0,37.361,0.0,0.0,1349.887,0.0,279.889,4,1
0,29.373,578.777,0.0,667.53,0.0,0.0,5,0
0,46.142,0.0,0.0,120.381,1144.111,0.0,5,0
1,17.936,145.593,0.0,171.791,1260.21,306.074,2,1
1,38.43,316.041,0.0,0.0,967.22,394.616,3,1
1,25.274,0.0,566.106,0.0,0.0,0.0,6,0
1,27.101,356.739,0.0,0.0,0.0,0.0,3,1
0,29.285,1214.717,0.0,0.0,482.589,359.058,5,1
0,31.531,0.0,884.297,535.886,0.0,0.0,3,1
0,26.373,981.677,0.0,0.0,1818.059,0.0,5,0
0,31.006,1193.763,1739.436,916.598,0.0,0.0,7,0
1,50.094,0.0,720.324,591.146,0.0,0.0,1,1
0,41.796,0.0,1178.115,181.481,0.0,0.0,3,0
0,40.168,416.275,2142.831,170.178,0.0,0.0,7,0
1,21.622,0.0,78.347,0.0,0.0,314.528,3,1
1,15.551,1434.592,0.0,321.247,997.818,0.0,5,1
1,41.374,242.625,1496.043,779.332,343.312,374.232,7,0
1,40.265,0.0,1061.416,0.0,2040.45,0.0,5,0
0,48.617,0.0,225.204,0.0,2009.749,476.033,2,0
0,19.544,928.438,2119.75,563.802,786.351,1222.116,3,1
1,24.786,0.0,195.307,351.645,654.562,1181.21,4,1
0,5.047,248.489,489.328,0.0,382.524,1652.621,8,0
0,22.505,841.272,475.467,0.0,0.0,1180.054,5,1
0,41.952,0.0,0.0,0.0,0.0,550.485,4,0
1,21.469,190.146,543.102,0.0,420.743,0.0,1,1
0,36.967,209.231,2126.112,0.0,987.628,0.0,1,0
1,25.333,664.161,983.962,20.734,628.637,0.0,8,0
0,32.537,603.984,487.276,0.0,0.0,304.756,4,0
0,11.932,76.926,255.879,0.0,1341.147,1032.257,6,0
0,29.193,261.372,847.04,41.881,1940.688,0.0,1,0
1,0.0,0.0,1349.72,263.907,1341.789,260.921,4,0
0,25.383,0.0,1181.087,0.0,1398.559,0.0,2,0
1,5.173,387.441,51.762,818.854,0.0,519.822,2,1
1,44.884,1449.925,839.738,454.529,1493.528,0.0,1,1
1,38.884,0.0,1025.928,0.0,470.335,0.0,7,0
0,34.533,0.0,0.0,463.288,872.711,0.0,4,0
0,49.294,0.0,651.877,509.105,711.975,828.495,4,1
0,14.715,690.985,0.0,0.0,176.364,198.413,8,0
0,52.463,511.516,1029.04,0.0,0.0,0.0,8,0
1,41.051,116.95,1242.412,174.517,219.65,574.475,4,0
1,24.688,0.0,1347.055,165.683,1395.438,0.0,8,0
1,43.899,280.045,0.0,0.0,0.0,1482.844,6,1
0,12.512,0.0,820.856,0.0,1292.682,0.0,1,1
1,16.457,313.227,2158.745,120.97,1120.778,103.68,6,0
0,19.48,786.491,2146.524,39.477,0.0,0.0,4,0
1,20.594,0.0,414.993,0.0,1837.68,0.0,5,0
0,13.208,0.0,617.184,123.29,0.0,0.0,4,0
0,45.123,1246.635,1783.093,0.0,1970.502,1083.632,5,0
1,24.376,0.0,0.0,0.0,787.54,1104.829,2,1
1,32.935,958.366,62.309,468.662,292.547,1123.379,5,1
1,20.015,119.902,2052.685,0.0,0.0,330.316,2,1
1,2.512,114.729,1620.241,0.0,212.914,0.0,8,0
0,31.781,504.968,893.117,0.0,85.865,0.0,1,1
1,1.228,0.0,0.0,0.0,0.0,1906.681,7,1
1,27.039,306.123,390.108,319.596,70.623,1807.461,7,1
1,8.844,0.0,0.0,348.549,0.0,428.683,6,0
0,55.822,0.0,847.247,0.0,954.591,0.0,6,0
0,40.759,439.363,0.0,595.047,1746.909,1737.055,2,1
1,29.481,48.85,0.0,0.0,0.0,0.0,2,0
0,45.692,117.934,0.0,1043.142,2193.539,540.292,4,0
1,16.152,0.0,1916.166,142.685,168.594,1719.555,3,1
0,35.609,1254.41,0.0,0.0,0.0,0.0,2,1
0,30.797,789.864,638.575,0.0,1143.53,1170.685,5,0
0,31.696,846.701,447.314,364.933,0.0,846.589,1,1
0,45.813,21.461,0.0,0.0,220.09,258.508,8,0
1,38.255,0.0,0.0,115.874,0.0,0.0,6,0
1,32.042,1489.396,0.0,1073.157,0.0,0.0,5,1
1,4.832,180.287,0.0,0.0,1106.397,603.924,6,0
0,14.559,0.0,889.927,203.579,0.0,0.0,1,1
1,26.282,490.921,0.0,965.113,0.0,437.281,8,1
1,29.307,978.629,2545.789,321.488,916.166,868.104,5,0
1,12.177,205.017,1682.581,0.0,0.0,1334.481,6,0
0,61.763,1051.074,1420.031,453.018,0.0,0.0,2,1
0,49.23,923.95,306.409,0.0,1621.867,1682.06,8,0
0,36.43,0.0,2267.137,957.812,0.0,2080.132,3,1
1,29.009,0.0,188.393,0.0,0.0,730.659,2,1
1,25.029,842.399,412.486,1832.925,995.148,0.0,7,1
1,14.673,0.0,653.969,991.731,0.0,0.0,6,1
0,29.085,122.854,1292.188,0.0,70.579,250.023,4,0
0,31.609,0.0,1214.29,181.208,0.0,583.987,5,1
1,10.615,0.0,0.0,592.041,564.837,323.081,3,1
0,32.678,25.767,0.0,608.85,0.0,595.223,5,1
0,25.826,0.0,1217.884,417.708,1933.726,204.716,4,0
0,1.291,0.0,1308.284,871.209,0.0,578.362,4,1
0,15.955,0.0,0.0,101.137,799.362,0.0,4,0
1,22.21,1709.742,0.0,0.0,1016.333,0.0,6,0
0,54.428,1433.85,201.221,0.0,0.0,0.0,2,1
0,35.792,0.0,1198.231,650.689,0.0,2313.123,6,1
0,9.303,1248.376,2616.5,374.501,1428.892,1837.096,2,1
0,34.805,0.0,0.0,333.119,0.0,883.059,3,1
1,6.338,303.972,0.0,615.331,0.0,1691.574,4,1
1,43.158,178.872,0.0,0.0,1286.04,1138.384,7,0
0,21.404,0.0,2076.966,343.639,348.215,490.335,2,1
0,26.689,859.504,408.07,292.399,0.0,0.0,1,1
0,46.561,301.826,0.0,1104.533,2231.765,24.728,7,0
0,9.98,0.0,1120.434,0.0,0.0,0.0,1,1
0,8.44,0.0,0.0,1042.025,0.0,0.0,2,1
0,19.83,0.0,0.0,212.229,591.363,0.0,7,0
1,42.537,0.0,0.0,443.834,997.584,817.355,7,0
0,6.729,227.945,2530.85,1108.515,2467.215,640.73,3,0
1,0.0,0.0,911.051,484.026,0.0,0.0,5,0
1,21.684,47.386,579.312,394.206,1218.547,0.0,6,0
0,35.724,1110.566,150.128,305.683,1127.311,1519.283,8,1
1,44.804,999.545,800.579,0.0,159.119,0.0,4,0
1,21.516,199.02,786.283,154.046,1176.001,479.339,2,1
1,22.24,163.395,800.603,0.0,1337.701,100.733,3,0
1,44.155,1441.918,587.814,145.043,0.0,831.682,8,1
1,1.824,558.491,1492.558,0.0,2234.743,0.0,7,0
1,22.561,6.926,477.725,410.262,0.0,394.588,6,0
0,30.666,0.0,0.0,101.827,0.0,477.159,5,0
1,34.289,476.018,0.0,0.0,22.034,541.69,3,1
1,20.863,759.06,0.0,293.065,2427.435,383.028,5,0
1,28.482,0.0,2882.181,0.0,0.0,661.84,1,0
0,0.0,409.282,1485.306,1250.391,274.873,2601.359,6,1
1,18.785,0.0,0.0,112.45,1885.286,2989.363,6,1
0,34.349,100.379,111.786,88.327,0.0,0.0,5,0
1,14.248,0.0,0.0,0.0,0.0,0.0,1,1
0,28.826,75.842,2301.057,183.41,0.0,925.27,8,0
0,34.256,850.09,0.0,946.698,1817.871,495.565,4,1
1,23.204,0.0,587.371,750.113,387.951,1414.094,2,1
1,30.386,254.142,319.767,648.485,2433.724,599.13,7,0
0,14.522,0.0,1442.206,475.983,1121.728,361.534,1,1
1,25.107,454.287,325.189,0.0,0.0,1485.352,3,1
0,36.543,79.26,0.0,0.0,366.184,1632.22,5,1
0,30.198,0.0,148.659,57.418,0.0,0.0,6,0
0,19.789,1086.158,0.0,37.912,0.0,0.0,3,1
0,31.139,823.806,545.495,757.325,5236.993,189.127,6,0
0,38.005,0.0,2171.012,343.259,1430.487,403.36,1,0
1,0.0,543.562,0.0,1072.894,1257.208,62.718,6,1
0,44.227,569.318,0.0,840.594,0.0,755.918,7,1
0,23.292,637.496,0.0,0.0,2036.542,1345.91,8,0
1,33.957,0.0,0.0,0.0,1519.357,2108.845,6,1
0,44.761,874.294,1338.151,945.922,2379.783,907.859,7,0
1,8.797,0.0,241.747,931.256,2326.426,0.0,6,0
1,18.068,0.0,948.963,0.0,0.0,145.255,6,0
1,23.96,1934.623,0.0,1015.174,0.0,220.88,8,1
0,17.027,416.218,725.909,383.986,0.0,840.372,7,0
0,52.289,0.0,1383.357,259.984,0.0,707.576,7,0
0,16.005,0.0,0.0,1074.279,665.798,2452.916,3,1
1,20.222,1123.347,1387.63,923.024,0.0,0.0,5,1
0,30.861,0.0,512.847,534.745,2589.858,703.988,2,0
1,11.17,0.0,1704.552,435.002,2405.148,2772.447,8,1
0,22.46,4.621,208.296,515.181,302.892,0.0,3,1
1,32.444,1140.668,907.494,0.0,2460.859,452.406,4,0
0,23.34,722.606,401.273,139.143,1946.948,0.0,5,0
0,26.693,117.406,334.545,0.0,0.0,386.191,5,0
0,20.589,420.39,760.717,0.0,0.0,0.0,8,0
1,6.797,0.0,1094.169,0.0,70.235,1399.141,7,0
1,32.502,310.775,0.0,0.0,0.0,454.685,4,1
0,52.569,267.669,2170.36,246.578,537.156,0.0,7,0
0,28.258,849.7,0.0,0.0,408.151,1182.596,7,1
1,31.154,848.666,0.0,451.251,379.319,488.649,1,1
1,37.698,541.085,336.877,0.0,886.053,1300.46,4,0
1,10.229,0.0,944.827,106.521,0.0,0.0,1,1
0,51.835,702.184,2341.407,243.669,762.496,687.266,2,1
1,30.833,160.22,0.0,0.0,0.0,1112.009,1,1
0,50.846,0.0,0.0,73.46,529.98,0.0,7,0
1,17.738,0.0,0.0,0.0,1363.151,0.0,8,0
0,53.453,274.943,487.946,369.627,0.0,256.312,2,1
1,38.852,811.64,776.02,532.659,0.577,1589.521,2,1
1,35.743,100.707,2358.955,446.381,179.612,1482.227,6,1
1,31.276,0.0,594.762,751.687,0.0,0.0,6,0
1,24.521,256.882,1702.83,282.857,1299.812,0.0,4,0
1,44.807,293.746,1150.604,438.061,0.0,0.0,7,0
0,29.965,340.794,0.0,257.411,0.0,0.0,2,1
1,0.461,817.916,0.0,555.028,0.0,768.769,7,1
1,12.359,882.3,780.003,0.0,1511.261,189.748,1,1
1,25.398,0.0,0.0,0.0,0.0,0.0,3,1
0,32.34,0.0,2004.248,1058.664,816.05,1459.476,6,0
1,27.208,0.0,255.525,0.0,2483.276,447.447,5,0
0,45.066,674.23,1884.213,91.5,227.7,757.186,5,0
1,0.685,1161.733,0.0,826.474,1533.267,0.0,1,1
1,30.01,15.197,772.621,117.774,2148.489,0.0,6,0
0,2.548,63.07,701.219,0.0,1439.911,0.0,3,0
1,38.636,1173.409,395.947,242.476,291.519,0.0,8,0
0,26.678,548.613,0.0,0.0,1016.319,905.174,7,0
0,33.875,503.553,920.947,187.276,0.0,0.0,2,0
1,15.906,0.0,0.0,0.0,0.0,1972.495,6,1
0,45.913,661.173,0.0,790.858,0.0,479.094,1,1
1,42.584,0.0,1941.392,967.028,2774.673,1728.31,7,0
1,36.17,0.0,1322.602,95.301,0.0,0.0,2,0
0,26.187,0.0,529.07,0.0,0.0,829.053,6,0
0,36.118,0.0,2448.171,0.0,0.0,389.456,4,0
0,18.104,75.96,128.681,66.966,925.793,1158.571,3,1
0,39.978,0.0,2037.244,453.102,466.884,54.519,5,0
1,51.093,843.231,660.689,0.0,1505.435,796.876,1,1
1,42.989,952.996,0.0,0.0,1048.386,1457.305,5,1
0,17.786,0.0,2667.648,455.979,0.0,0.0,7,0
1,33.06,855.998,1638.853,695.789,0.0,554.356,2,1
1,9.896,0.0,304.775,0.0,1811.862,0.0,2,0
1,36.013,777.034,1322.606,0.0,86.372,1037.628,4,1
1,34.308,175.51,0.0,2009.106,1616.351,2352.396,8,1
0,1.823,238.704,1444.979,608.65,145.351,0.0,2,0
0,11.735,99.687,0.0,20.478,0.0,204.05,2,1
1,24.036,1007.884,0.0,656.658,0.0,1224.505,7,1
0,23.788,0.0,1625.112,100.304,0.0,332.988,8,0
0,11.067,615.096,150.413,655.608,0.0,473.355,5,0
0,33.446,935.865,699.051,259.26,531.018,0.0,5,0
1,31.521,685.621,0.0,221.112,872.766,0.0,1,1
1,25.28,1731.054,2667.44,106.394,0.0,208.971,1,1
1,17.419,0.0,1878.636,0.0,290.895,343.755,2,0
0,42.682,842.248,209.178,1255.333,0.0,0.0,6,1
1,51.176,151.041,0.0,0.0,0.0,230.677,3,0
1,21.23,1021.714,1685.525,0.0,455.953,1946.961,1,1
0,19.43,215.002,2828.965,50.798,0.0,0.0,2,0
1,34.877,0.0,1594.512,0.0,1830.352,0.0,6,0
1,22.988,1068.947,3056.163,141.041,1616.868,141.013,6,0
0,26.048,0.0,0.0,555.148,1610.011,0.0,5,1
0,38.355,0.0,0.0,727.37,0.0,0.0,6,0
0,1.269,0.0,0.0,626.249,0.0,446.127,4,1
1,46.456,622.371,980.113,0.0,400.233,0.0,5,0
1,29.018,1124.825,660.724,197.771,144.617,0.0,5,1
1,22.239,292.234,267.659,398.412,0.0,461.099,4,1
0,26.751,1076.828,1421.11,0.0,0.0,0.0,7,0
0,27.474,0.0,1928.794,489.527,264.33,0.0,7,0
1,3.763,0.0,0.0,0.0,0.0,1004.416,5,1
1,48.929,32.426,0.0,1312.594,1067.182,0.0,1,1
0,28.579,145.536,1434.172,0.0,1041.617,0.0,5,0
0,34.202,274.661,0.0,66.47,1520.88,0.0,4,0
0,41.322,669.092,0.0,0.0,0.0,0.0,2,1
0,13.704,0.0,1672.245,0.0,751.164,749.462,8,0
1,34.629,310.369,0.0,1443.492,0.0,417.955,2,1
0,24.253,190.67,88.104,696.607,0.0,2811.467,2,1
1,39.855,0.0,844.373,0.0,0.0,1441.261,7,1
1,0.0,146.117,0.0,1012.359,1485.575,0.0,4,0
1,26.613,126.621,1389.787,838.216,0.0,0.0,4,1
0,19.561,112.698,0.0,12.521,2032.0,3142.022,1,1
0,34.052,240.644,2140.343,341.75,913.766,1415.701,4,0
0,34.581,269.188,299.104,161.631,0.0,918.838,6,1
0,18.093,0.0,1255.524,1274.645,1586.053,378.594,2,1
1,18.03,1047.265,1345.229,0.0,799.936,587.198,4,1
0,26.451,0.0,0.0,251.766,0.0,0.0,3,1
0,15.447,0.0,0.0,0.0,2354.683,464.891,7,0
1,39.788,2026.976,882.907,0.0,595.427,374.793,5,0
0,22.831,0.0,536.746,1397.317,330.676,0.0,1,1
1,0.0,0.0,1116.991,0.0,0.0,0.0,2,0
1,22.752,697.41,178.167,293.272,1607.492,1890.935,8,0
1,13.46,0.0,0.0,0.0,879.003,168.566,6,0
1,5.162,67.072,2860.168,0.0,1002.162,2474.73,6,1
1,10.676,1614.786,0.0,406.303,0.0,0.0,8,1
1,29.532,0.0,1330.741,0.0,1227.511,0.0,2,0
1,46.601,0.0,0.0,498.609,1312.995,0.0,6,0
1,32.385,0.0,47.066,19.337,0.0,0.0,3,1
0,19.509,803.934,69.477,819.646,0.0,0.0,1,1
0,34.383,951.105,0.0,932.586,949.51,631.075,7,1
0,21.573,0.0,1135.469,0.0,0.0,580.167,5,0
0,18.276,664.088,2118.772,212.97,477.217,0.0,1,0
1,11.839,1123.666,1014.016,272.734,0.0,0.0,1,1
0,3.474,1381.775,574.058,516.836,1650.532,1851.578,7,1
1,22.541,59.882,0.0,178.054,0.0,0.0,8,0
0,30.213,0.0,1070.19,276.518,1528.0,0.0,2,0
0,26.647,0.0,3037.62,33.692,0.0,588.677,8,0
0,22.176,0.0,0.0,234.534,1409.99,514.667,4,0
1,14.76,51.69,0.0,896.847,2576.376,0.0,5,0
0,36.515,97.891,0.0,531.807,0.0,455.958,1,1
1,9.56,947.281,0.0,562.703,631.239,0.0,3,1
1,38.864,1048.378,0.0,574.919,3333.661,1097.908,7,0
0,13.969,108.412,936.042,83.867,383.248,0.0,2,0
0,17.466,934.015,0.0,348.543,377.967,0.0,4,1
0,7.465,452.48,0.0,0.0,1177.349,981.242,4,1
1,20.98,261.929,1353.828,880.532,355.189,1564.157,2,1
0,41.654,809.254,0.0,0.0,0.0,1965.063,1,1
1,35.219,266.964,43.597,121.197,1555.516,1408.588,7,0
1,41.698,1557.577,2209.731,808.902,0.0,0.0,6,1
0,35.31,0.0,0.0,0.0,0.0,0.0,8,0
0,12.549,0.0,0.0,393.877,1638.168,1775.308,2,1
1,23.369,137.763,773.167,0.0,0.0,1739.231,6,1
1,17.077,505.644,1829.385,0.0,0.0,0.0,4,0
1,46.628,1044.174,0.0,699.727,1277.19,1267.248,4,1
0,11.245,204.141,939.228,280.912,0.0,0.0,3,1
1,40.512,0.0,1147.199,0.0,0.0,1876.341,3,1
0,40.501,767.634,0.0,0.0,611.965,0.0,4,0
1,53.615,710.723,1408.202,716.188,108.784,2377.584,3,1
1,22.264,0.0,1501.927,421.408,0.0,1125.427,3,1
0,37.973,217.527,75.857,1148.956,1010.648,2187.422,3,1
1,59.943,0.0,1952.816,1112.283,820.936,0.0,4,0
0,19.353,0.0,1813.747,0.0,0.0,725.281,1,1
0,6.509,0.0,573.742,1571.813,0.0,0.0,1,1
1,1.68,746.022,0.0,183.709,827.432,1186.189,7,1
0,37.978,295.94,0.0,0.0,1619.398,1243.994,5,0
0,1.636,0.0,404.924,0.0,0.0,2816.875,3,1
1,22.788,792.043,1133.711,0.0,1030.157,806.142,1,1
0,34.122,0.0,60.988,1069.931,931.72,1060.299,5,1
0,30.592,434.574,0.0,1063.067,1277.238,0.0,2,1
0,33.956,0.0,1972.457,0.0,353.24,868.448,3,0
1,31.112,0.0,678.268,42.385,0.0,0.0,1,1
0,45.904,547.776,0.0,223.54,0.0,421.654,1,1
1,14.668,558.942,1478.59,0.0,687.139,483.241,6,0
1,18.522,1089.03,2279.566,0.0,2310.311,0.0,1,0
0,17.183,166.535,0.0,52.2,0.0,366.092,6,0
0,39.623,419.193,971.116,0.0,1195.266,0.0,5,0
0,40.606,0.0,0.0,0.0,0.0,0.0,6,0
1,34.317,338.293,1048.933,294.721,431.516,1430.498,2,1
0,44.569,505.666,603.513,970.531,1976.936,484.184,8,0
0,11.507,156.099,1212.872,0.268,1150.722,664.42,7,0
0,51.341,0.0,0.0,265.448,0.0,0.0,8,0
0,49.325,435.456,0.0,577.047,0.0,744.631,3,1
0,38.299,456.965,0.0,480.32,1691.843,856.945,1,0
1,52.945,0.0,938.217,0.0,466.066,0.0,7,0
1,4.807,0.0,1668.471,223.971,0.0,2489.281,4,1
0,20.658,1179.321,0.0,476.622,0.0,0.0,3,1
0,17.706,539.44,1682.473,0.0,1083.843,1123.585,4,0
0,38.101,71.097,0.0,877.582,1403.851,1048.445,7,0
0,13.298,0.0,884.94,971.69,329.641,868.662,5,1
1,38.605,0.0,0.0,0.0,3032.845,485.023,1,0
0,47.188,1066.684,668.605,278.455,1216.568,878.213,3,1
1,37.733,309.48,1520.253,529.676,42.171,1211.584,3,1
1,31.973,0.0,0.0,0.0,0.0,0.0,1,1
0,14.17,551.298,0.0,439.704,0.0,614.155,7,1
1,16.144,0.0,671.955,261.423,678.963,107.517,2,1
1,45.495,1195.548,3331.9,0.0,0.0,0.0,5,0
1,38.911,1099.32,0.0,427.13,2151.118,1053.028,1,1
1,27.454,0.0,2898.161,0.0,1922.943,0.0,8,0
0,22.149,0.0,2855.308,695.954,1006.373,0.0,8,0
0,0.0,0.0,333.227,0.0,0.0,0.0,6,0
1,13.008,0.0,92.217,79.68,0.0,0.0,3,0
0,54.76,0.0,0.0,938.476,1691.245,1379.903,2,1
0,10.074,307.874,368.157,447.974,0.0,460.853,3,1
0,30.653,7.948,0.0,0.0,1544.356,1751.502,4,0
0,42.104,0.0,358.513,0.0,832.064,0.0,3,0
0,10.431,37.243,2246.256,0.0,366.89,1217.878,8,0
1,30.586,548.469,0.0,391.001,0.0,3281.604,5,1
0,41.131,563.096,161.131,370.648,206.332,673.834,1,1
0,28.175,0.0,0.0,0.0,518.613,1204.731,3,1
0,68.158,136.629,898.875,0.0,1445.793,1028.194,8,0
0,4.64,0.0,767.378,327.687,0.0,0.0,6,0
1,42.822,806.124,526.443,68.158,20.901,915.108,4,1
1,25.581,729.695,189.808,1378.041,359.305,621.779,8,1
1,38.807,0.0,98.69,190.498,1038.946,27.265,4,0
1,34.178,0.0,1052.28,1185.982,0.0,0.0,1,1
0,17.736,0.0,415.42,0.0,0.0,1028.682,4,1
1,31.206,0.0,827.966,0.0,1051.362,0.0,7,0
0,1.989,438.379,707.979,0.0,0.0,2540.328,1,1
0,36.445,42.651,1798.113,835.913,1723.478,419.878,5,0
0,32.174,850.614,1262.393,1153.417,138.481,0.0,1,1
0,36.941,0.0,681.434,0.0,0.0,0.0,8,0
0,42.814,0.0,2272.106,0.0,0.0,7.959,2,0
1,33.147,0.0,954.322,0.0,727.036,2832.995,4,1
1,30.073,0.0,2015.955,0.0,0.0,0.0,4,0
1,15.665,0.0,1178.331,572.311,332.033,177.972,6,0
1,18.029,867.383,0.0,294.891,1124.086,0.0,8,0
0,44.614,0.0,2015.802,175.873,87.591,824.221,3,1
1,48.109,300.714,612.211,0.0,0.0,0.0,2,0
0,24.666,0.0,387.654,1088.376,0.0,0.0,7,0
1,28.644,0.0,787.618,0.0,1866.324,94.941,3,0
0,15.335,110.605,36.02,468.831,2163.571,0.0,1,0
0,44.419,609.417,722.435,0.0,0.0,0.0,5,0
1,37.316,0.0,0.0,63.306,1510.131,0.0,6,0
0,55.177,745.923,1979.127,333.17,585.162,1543.931,4,1
0,15.703,0.0,313.694,353.162,1326.381,0.0,7,0
1,22.708,0.0,0.0,256.603,0.0,0.0,8,0
0,31.24,564.944,0.0,446.933,0.0,0.0,7,0
1,37.051,0.0,772.531,0.0,952.938,357.052,5,0
1,24.981,244.424,674.529,280.529,0.0,0.0,1,1
1,15.779,15.451,916.11,233.704,0.0,2007.277,1,1
0,40.34,304.089,0.0,299.737,0.0,1210.958,2,1
0,38.096,0.0,0.0,210.513,971.005,1801.681,3,1
0,15.172,0.0,1200.71,0.0,463.398,711.735,4,1
1,46.976,620.379,2231.57,0.0,1170.713,0.0,7,0
0,44.383,894.168,0.0,0.0,1045.983,1912.1,8,1
1,29.88,0.0,2357.33,627.819,0.0,0.0,8,0
1,29.114,61.382,790.693,633.488,232.479,0.0,4,1
0,35.757,411.568,441.525,642.388,0.0,464.141,7,0
1,15.936,670.591,0.0,341.802,78.639,1747.141,5,1
0,28.42,0.0,0.0,0.0,0.0,1405.951,2,1
0,0.0,0.0,1635.274,0.0,739.533,1251.595,6,0
0,40.27,3.823,0.0,265.433,1492.633,0.0,1,0
0,6.139,677.041,0.0,245.89,0.0,0.0,2,1
0,49.048,1843.98,1640.312,45.261,1719.397,663.241,4,0
1,23.378,71.796,0.0,376.594,434.874,163.426,6,0
1,25.037,0.0,0.0,176.525,575.187,1233.784,3,1
1,19.212,481.474,428.239,237.631,0.0,1171.624,5,1
0,23.967,1078.647,801.941,0.0,0.0,920.908,1,1
0,47.859,290.209,1031.682,719.926,468.528,0.0,1,1
0,0.0,0.0,87.842,0.0,1178.705,434.388,1,0
1,45.878,842.696,3486.444,0.0,0.0,185.703,3,0
0,32.732,651.305,176.529,0.0,2147.103,476.427,8,0
1,11.102,0.0,173.057,0.0,1118.43,0.0,4,0
1,12.946,467.927,0.0,726.642,0.0,0.0,4,1
0,51.47,868.223,598.688,146.33,343.934,786.295,2,1
0,14.763,988.229,1187.953,65.757,3034.622,0.0,8,0
1,11.853,176.808,1894.294,0.0,0.0,903.428,6,0
0,43.922,0.0,0.0,609.87,891.097,0.0,7,0
1,32.74,1017.728,154.806,0.0,0.0,1786.706,2,1
0,14.869,0.0,986.044,113.984,1087.586,1351.118,4,1
0,31.033,505.077,1154.469,998.903,1704.001,611.668,1,1
1,13.639,0.0,457.858,454.907,0.0,76.047,3,1
0,43.411,912.495,1100.909,0.0,1540.803,1195.029,4,0
1,42.859,52.27,0.0,0.0,2753.324,712.175,8,0
0,35.448,1044.579,2319.487,133.986,382.902,550.513,8,0
1,33.063,539.418,1641.154,0.0,1173.378,1395.009,3,1
1,52.657,0.0,0.0,533.186,0.0,1797.863,5,1
0,27.996,1146.008,0.0,193.667,331.185,0.0,1,1
1,11.454,1228.309,0.0,262.615,115.657,0.0,5,1
0,34.293,793.486,1263.564,0.0,1186.63,0.0,4,0
0,57.205,0.0,0.0,1145.175,1635.144,0.0,2,1
0,13.793,21.091,52.771,1761.852,189.38,234.114,4,1
1,22.94,314.528,995.645,13.993,1996.985,930.122,5,0
1,33.83,0.0,370.601,367.702,1993.052,277.511,3,0
0,27.245,1320.025,760.665,224.554,1241.539,0.0,6,0
0,14.248,313.812,0.0,24.575,0.0,1482.781,6,1
1,43.706,0.0,1163.825,0.0,0.0,447.584,4,0
0,60.481,440.581,0.0,0.0,0.0,660.132,7,0
0,30.746,0.0,60.456,0.0,1354.083,1511.947,2,1
1,15.343,171.298,735.278,396.934,0.0,170.596,5,1
0,6.315,0.0,573.694,0.0,1054.521,2463.225,4,1
1,31.612,744.58,478.776,0.0,0.0,0.0,8,0
0,43.454,947.797,0.0,419.121,1215.901,2397.846,5,1
1,34.652,403.985,90.541,148.574,328.942,0.0,5,0
0,27.966,0.0,452.62,924.137,1777.002,843.359,1,1
0,19.75,193.131,0.0,378.949,1565.6,0.0,6,0
1,12.71,232.74,0.0,0.0,1888.572,1475.544,7,0
0,39.687,0.0,915.216,0.0,1916.901,0.0,6,0
1,40.793,596.304,0.0,0.0,467.994,605.415,3,1
0,6.36,519.028,1837.898,0.0,0.0,0.0,8,0
1,50.258,1221.287,1973.536,698.169,0.0,1284.086,7,1
1,36.037,1035.977,0.0,165.032,0.0,0.0,1,1
1,47.594,0.0,2079.144,804.866,0.0,2067.586,6,1
1,9.21,753.194,277.702,0.0,385.706,0.0,5,0
0,8.878,0.0,952.217,710.548,0.0,0.0,8,0
0,25.914,672.356,0.0,573.754,111.851,1299.13,2,1
1,35.039,0.0,1557.654,0.0,851.987,0.0,2,0
1,53.149,0.0,937.313,910.666,0.0,292.401,1,1
1,37.885,402.029,0.0,222.337,0.0,0.0,2,1
0,24.602,0.0,0.0,389.545,251.443,0.0,5,0
0,13.631,0.0,0.0,0.0,0.0,219.157,7,0
0,45.22,104.63,675.53,884.138,12.135,1628.162,4,1
0,14.494,273.587,1136.966,0.0,1787.055,1353.294,5,0
1,50.799,0.0,1231.159,635.972,12.444,543.382,8,0
1,24.019,0.0,308.423,629.54,2258.053,1467.882,6,1
1,50.268,0.0,0.0,0.0,1884.8,0.0,8,0
0,37.505,474.286,0.0,1280.689,0.0,0.0,4,1
0,26.082,598.158,1832.818,299.656,0.0,715.595,8,0
0,20.728,209.455,0.0,536.18,252.19,163.064,2,1
1,23.227,971.942,622.101,0.0,1578.661,40.836,7,0
1,33.996,478.308,0.0,1355.929,0.0,0.0,3,1
0,29.08,0.0,853.9,0.0,1308.899,0.0,3,0
1,19.687,37.674,0.0,743.936,1639.284,1158.76,5,1
0,25.681,0.0,1706.055,0.0,0.0,555.383,5,0
0,29.1,149.71,1378.269,0.0,0.0,1247.098,2,1
1,0.0,942.865,0.0,611.702,1093.928,0.0,3,1
0,34.414,665.439,298.003,745.43,477.032,0.0,8,0
1,14.284,1131.306,0.0,0.0,0.0,306.875,3,1
0,11.853,23.125,0.0,780.664,0.0,1196.91,5,1
1,4.377,1094.965,0.0,755.189,232.428,56.975,6,1
1,2.886,94.352,687.861,0.0,0.0,1141.874,3,1
1,9.024,1176.53,840.311,1065.243,1152.207,0.0,5,1
0,18.074,205.793,628.257,0.0,0.0,130.481,1,1
0,55.346,679.7,87.92,0.0,0.0,226.38,8,0
1,20.638,1178.823,1569.68,438.241,283.742,1587.709,3,1
1,30.489,94.272,526.25,0.0,0.0,518.009,4,0
0,33.607,361.953,1293.905,317.739,2167.704,2133.381,7,0
0,29.835,1057.761,0.0,305.003,0.0,0.0,2,1
0,26.916,133.548,0.0,65.238,0.0,436.415,7,0
1,11.266,0.0,790.546,636.144,868.726,488.368,8,0
0,48.313,1612.955,0.0,42.118,0.0,951.098,8,1
0,53.301,0.0,195.058,299.663,0.0,0.0,5,0
1,4.443,323.191,87.484,812.024,870.452,2068.669,3,1
0,13.664,971.404,2354.881,612.784,0.0,313.612,3,1
0,24.083,0.0,929.996,610.17,0.0,0.0,6,0
0,14.496,0.0,649.031,0.0,2208.598,283.174,5,0
1,35.084,384.929,1454.389,463.884,947.449,0.0,4,0
1,17.804,0.0,892.197,0.0,19.37,3222.397,3,1
1,58.311,32.861,0.0,0.0,306.175,1402.441,1,1
1,44.668,379.275,1735.771,129.844,866.451,352.144,2,0
1,30.976,44.531,0.0,0.0,1380.671,182.487,5,0
1,42.378,0.0,837.897,612.746,0.0,1298.61,3,1
1,43.483,1256.216,0.0,626.14,712.761,1348.805,7,1
0,20.105,287.3,694.733,0.0,0.0,0.0,6,0
0,16.573,1150.249,681.588,0.0,102.121,975.143,6,1
1,29.094,50.976,2461.746,0.0,486.762,329.365,2,0
0,40.063,0.0,0.0,0.0,302.654,0.0,8,0
0,29.947,394.968,0.0,424.898,1119.124,1224.225,5,1
1,5.922,79.738,1437.219,34.319,845.795,2658.497,5,1
0,16.76,0.0,852.381,0.0,0.0,884.636,5,1
0,26.964,1175.36,666.366,898.099,0.0,1455.45,4,1
0,26.941,0.0,0.0,0.0,0.0,2194.325,1,1
0,55.616,0.0,0.0,862.648,2321.488,0.0,6,0
0,8.596,1083.308,1944.049,0.0,0.0,0.0,5,0
1,35.078,0.0,388.189,126.259,80.955,989.709,4,0
1,48.848,0.0,900.432,0.0,0.0,40.008,8,0
1,59.8,0.0,311.774,1034.017,0.0,0.0,5,1
0,22.338,1351.612,0.0,0.0,506.064,217.922,8,0
1,34.88,0.0,1570.573,176.572,1850.855,1063.925,8,0
0,35.977,257.992,1053.879,465.366,811.565,143.58,5,0
0,30.737,813.203,3216.764,0.0,0.0,0.0,8,0
0,26.616,494.116,0.0,0.0,3338.552,65.318,4,0
0,34.104,181.225,1437.088,87.02,396.431,279.55,1,0
1,0.0,0.0,0.0,0.0,0.0,0.0,2,1
1,37.549,0.0,638.816,0.0,1863.306,150.086,6,0
0,29.766,342.07,1621.808,0.0,0.0,0.0,8,0
1,24.885,0.0,0.0,533.766,2139.205,991.977,3,1
0,56.656,352.184,204.081,0.0,0.0,0.0,7,0
1,18.551,663.133,0.0,773.919,1883.033,1363.327,5,1
1,22.357,845.627,0.0,0.0,531.152,0.0,1,1
0,55.882,0.0,912.255,0.0,1730.157,0.0,6,0
1,16.351,1647.82,1794.823,1248.753,2401.942,609.177,3,1
0,20.298,718.862,290.066,0.0,0.0,0.0,5,0
1,25.942,218.886,696.584,0.0,1713.349,592.683,7,0
0,39.77,928.199,587.171,0.0,0.0,0.0,3,0
0,30.909,1757.515,452.164,772.058,0.0,0.0,8,1
1,9.903,0.0,0.0,0.0,0.0,725.622,4,1
1,20.55,73.579,1780.134,27.923,864.0,0.0,7,0
0,19.497,0.0,804.234,80.847,346.317,0.0,6,0
1,26.919,345.223,923.858,737.248,126.15,560.637,1,1
1,33.962,457.506,0.0,69.463,470.859,271.755,1,1
0,33.855,194.545,0.0,1482.67,960.419,477.127,6,1
0,3.136,0.0,238.639,244.906,1045.073,644.021,8,0
1,42.895,0.0,0.0,764.599,1513.584,360.244,8,0
0,31.536,462.797,0.0,620.934,2312.038,938.497,2,1
0,47.383,1166.032,0.0,149.59,286.501,402.308,2,1
0,34.219,0.0,1077.025,0.0,0.0,0.0,8,0
1,43.419,506.039,0.0,355.9,984.89,0.0,3,1
1,34.532,0.0,0.0,455.655,0.0,2324.347,4,1
0,46.847,517.188,0.0,0.0,0.0,300.075,3,0
1,35.312,0.0,0.0,263.15,1409.319,1297.754,5,0
0,26.629,0.0,25.369,862.275,173.459,0.0,1,1
1,59.814,0.0,3048.626,1329.171,0.0,239.084,3,1
0,40.447,0.0,1715.545,648.447,0.0,0.0,3,0
0,36.032,468.582,1679.729,1213.145,363.588,2889.224,8,1
1,10.132,0.0,1852.296,0.0,1566.086,565.905,6,0
0,9.964,0.0,0.0,563.054,1551.4,0.0,7,0
1,32.098,193.043,0.0,919.571,431.969,0.0,1,1
1,30.037,0.0,0.0,0.0,2519.8,2372.42,8,0
0,19.402,1387.832,2051.407,0.0,194.698,128.558,1,1
0,29.974,0.0,0.0,1143.227,157.576,1081.441,8,1
1,50.241,0.0,0.0,0.0,0.0,1198.797,2,1
0,37.736,0.0,0.0,0.0,0.0,0.0,2,0
0,12.026,1389.012,163.673,1025.67,1247.217,1006.075,1,1
0,26.439,579.388,772.096,840.187,2030.357,0.0,7,0
0,16.73,0.0,751.141,411.987,0.0,0.0,3,0
0,22.572,939.051,0.0,144.402,818.478,1522.688,5,1
1,22.209,350.454,1272.788,0.0,1461.567,133.901,3,0
1,21.313,387.215,0.0,327.891,322.329,844.438,7,0
0,10.428,0.0,262.468,1054.692,0.0,731.467,5,1
0,26.213,0.0,1274.129,303.597,582.019,969.829,1,1
0,20.151,439.548,0.0,1383.497,1147.574,0.0,6,1
1,0.0,0.0,0.0,0.0,0.0,0.0,5,0
0,56.742,1400.891,1160.002,158.979,30.43,0.0,2,1
1,43.243,0.0,0.0,0.0,0.0,0.0,6,0
1,22.732,1218.502,0.0,0.0,0.0,750.457,8,1
1,28.263,147.643,1116.891,84.273,1439.705,1546.238,7,0
0,11.597,414.406,2914.911,403.704,305.877,1712.444,1,1
1,51.74,761.553,1176.485,463.569,2067.442,0.0,7,0
0,54.562,0.0,1017.168,1385.453,1253.054,606.564,4,1
1,30.194,781.761,1086.962,430.102,0.0,767.926,5,0
0,42.329,0.0,0.0,814.077,218.501,952.319,5,1
1,30.454,0.0,588.716,207.013,932.795,0.0,8,0
0,9.286,0.0,414.28,1109.711,1373.572,2211.609,7,1
1,22.234,0.0,835.901,1513.132,664.938,1272.846,6,1
0,29.847,80.279,589.81,467.408,1526.152,1300.282,4,1
0,21.636,470.737,905.64,0.0,0.0,1563.633,4,1
0,24.939,676.729,76.239,0.0,0.0,860.843,1,1
0,26.72,376.57,520.331,327.883,238.71,0.0,6,0
1,26.868,0.0,0.0,425.639,535.703,154.079,8,0
1,28.732,459.861,66.111,561.118,0.0,0.0,3,1
0,13.152,300.786,2119.0,427.711,0.0,735.826,4,1
1,17.962,828.437,832.57,173.912,802.125,122.326,7,0
0,10.016,725.009,424.895,0.0,0.0,257.451,5,1
0,41.689,239.81,2725.348,394.637,127.575,1564.201,4,1
1,0.0,0.0,0.0,1208.793,0.0,0.0,7,1
0,44.15,0.0,0.0,741.16,1982.661,35.271,1,0
0,47.409,0.0,2505.254,469.434,1697.937,323.072,1,0
1,23.769,15.077,505.153,746.557,0.0,0.0,5,1
0,0.0,394.233,158.9,0.0,0.0,20.633,8,0
0,22.942,684.863,0.0,0.0,1245.005,0.0,5,0
0,27.101,186.773,987.236,0.0,972.13,0.0,5,0
0,13.852,230.481,1103.352,99.839,264.396,1197.949,3,1
1,20.787,313.149,0.0,0.0,0.0,769.63,5,1
1,49.423,0.0,281.669,846.634,0.0,0.0,8,0
1,37.309,0.0,47.381,0.0,0.0,342.838,6,0
0,15.056,0.0,757.173,0.0,614.694,0.0,1,1
0,5.634,0.0,0.0,1257.843,2184.1,297.539,8,0
1,23.422,527.545,1952.337,0.0,0.0,3376.836,1,1
0,25.012,0.0,1548.989,255.976,0.0,2238.091,4,1
0,34.947,65.425,14.189,422.741,190.555,355.253,5,0
0,20.506,523.18,190.298,0.0,1444.913,468.151,3,0
0,35.161,558.448,286.293,861.871,0.0,0.0,6,0
1,55.092,0.0,0.0,526.787,1908.998,0.0,2,0
1,39.417,868.089,0.0,1042.695,120.766,680.294,4,1
1,27.327,952.778,125.676,0.0,0.0,0.0,8,0
0,25.436,0.0,2385.442,225.51,0.0,1249.357,6,0
1,23.007,0.0,1585.942,192.039,1087.173,1948.17,7,0
1,44.529,994.209,1571.586,317.778,121.712,649.252,3,1
0,19.218,124.545,893.911,0.0,497.776,406.824,5,0
0,28.633,0.0,0.0,232.068,0.0,0.0,3,0
1,28.717,0.0,400.211,0.0,0.0,1084.991,2,1
1,20.975,57.91,1614.586,370.667,0.0,0.0,6,0
1,8.785,0.0,0.0,0.0,199.348,0.0,3,0
1,32.522,0.0,1213.864,0.0,0.0,1307.555,7,0
0,27.146,241.058,3237.131,628.387,0.0,1381.246,2,1
1,35.003,1170.465,1724.18,0.0,3311.35,0.0,2,0
1,20.53,31.205,2146.835,0.0,0.0,0.0,6,0
0,45.091,917.152,712.007,881.674,509.605,0.0,2,1
1,15.725,1148.694,1611.518,353.471,0.0,0.0,6,0
0,51.969,1152.301,0.0,658.371,0.0,0.0,3,1
0,3.533,405.09,1405.037,76.904,417.609,0.0,7,0
0,34.087,0.0,1235.266,1670.592,501.804,1017.216,5,1
1,34.656,519.536,797.893,0.0,1697.649,714.25,1,1
1,16.862,901.46,2029.209,1146.918,749.502,888.556,8,1
0,33.942,167.306,0.0,135.635,145.208,0.0,1,1
1,45.913,1353.98,225.531,0.0,0.0,0.0,3,1
1,0.0,778.892,564.554,440.395,1958.913,356.19,5,0
0,35.038,589.378,0.0,346.267,1331.736,367.308,1,1
0,0.0,926.147,722.318,0.0,0.0,145.367,7,0
1,14.481,436.69,0.0,0.0,351.76,0.0,2,1
0,50.808,0.0,1706.345,156.169,468.457,2096.315,3,1
1,19.855,0.0,505.965,365.859,0.0,747.326,3,1
1,11.566,998.159,0.0,0.0,1159.036,2369.212,4,1
1,25.229,0.0,0.0,759.748,1224.906,1632.413,4,1
1,56.951,74.743,168.505,0.0,100.466,2088.434,4,1
0,2.356,0.0,1275.912,0.0,1.044,0.0,6,0
0,13.282,1379.55,1107.287,696.997,1958.854,922.83,5,1
0,48.964,1312.97,0.0,156.774,1336.123,0.0,8,0
0,54.008,0.0,0.0,851.053,389.596,0.0,3,1
1,26.552,315.744,1238.278,415.253,0.0,1870.803,4,1
1,10.653,0.0,0.0,169.152,688.4,0.0,3,1
0,57.342,619.714,521.892,84.471,1077.892,0.0,2,0
1,50.322,551.294,598.506,440.319,0.0,0.0,4,1
1,37.505,747.609,824.475,0.0,587.056,0.0,3,0
1,16.626,435.747,1479.925,0.0,0.0,0.0,5,0
0,27.314,2128.014,0.0,511.549,67.06,67.316,6,1
0,25.755,0.0,0.0,89.087,0.0,2117.356,7,1
0,32.632,0.0,0.0,188.798,146.992,0.0,5,0
1,48.314,0.0,2611.834,780.053,1841.191,2042.234,5,1
0,40.312,0.0,2876.609,106.229,0.0,1191.279,7,0
0,12.917,0.0,2647.413,178.419,1372.131,716.085,4,0
0,47.271,0.0,218.422,0.0,0.0,1085.526,5,0
0,32.384,0.0,0.0,411.214,1144.632,314.338,6,0
0,37.619,0.0,0.0,365.904,311.821,1650.353,1,1
0,48.532,556.842,0.0,674.434,697.227,895.329,8,0
1,12.438,0.0,212.312,0.0,317.869,0.0,6,0
1,27.498,103.316,2010.75,0.0,1015.788,611.065,2,0
0,20.56,801.251,1491.367,613.597,0.0,1123.172,6,1
0,6.05,0.0,722.886,311.239,0.0,0.0,3,1
1,32.854,48.045,0.0,0.0,768.789,432.569,1,1
1,63.162,457.744,0.0,901.67,0.0,0.0,4,1
0,2.239,0.0,754.953,0.0,0.0,0.0,3,1
0,27.548,0.0,1286.461,609.199,250.225,0.0,7,0
0,36.968,444.976,920.258,0.0,0.0,0.0,6,0
0,29.723,539.809,0.0,1226.042,0.0,1002.497,3,1
1,26.416,1561.743,1230.801,0.0,608.74,0.0,5,1
0,9.811,322.762,961.093,815.26,1420.224,0.0,3,1
0,31.259,752.831,0.0,124.285,0.0,0.0,3,1
0,17.405,92.943,0.0,0.0,0.0,3.732,6,0
0,0.0,413.198,1276.195,273.822,0.0,0.0,2,1
1,44.724,1303.717,168.591,523.864,0.0,724.082,7,1
1,41.417,0.0,2356.977,0.0,465.883,0.0,6,0
1,28.723,488.851,1051.355,0.0,1338.19,1489.026,4,1
0,31.207,1608.131,0.0,533.779,1428.308,0.0,8,0
0,43.04,403.322,437.753,0.0,0.0,199.606,8,0
1,31.141,1292.872,526.06,0.0,0.0,303.963,7,1
0,40.656,0.0,0.0,1872.785,333.766,556.453,1,1
0,23.835,199.169,0.0,0.0,1222.201,338.865,5,0
1,46.368,241.791,1291.668,812.77,480.335,0.0,2,1
1,32.491,0.0,1464.328,0.0,628.235,660.201,1,1
1,30.717,0.0,1174.538,455.065,1566.014,789.454,1,1
1,10.219,0.0,2268.382,536.439,0.0,0.0,7,0
0,32.017,754.343,0.0,802.216,68.033,747.686,2,1
0,16.353,786.9,2459.125,57.858,2108.066,1551.306,5,0
1,19.064,430.624,0.0,1283.775,93.508,1041.189,4,1
0,16.585,755.667,0.0,0.0,0.0,1278.994,2,1
1,13.073,113.303,0.0,301.163,0.0,480.517,2,1
1,57.747,1001.256,0.0,307.355,0.0,0.0,2,1
0,46.639,225.712,0.0,0.0,702.879,0.0,8,0
1,54.885,257.612,1081.125,9.912,0.0,635.882,5,0
0,10.879,47.365,742.669,260.448,608.138,1289.902,8,0
0,28.998,664.893,0.0,0.0,0.0,3225.208,2,1
0,9.891,0.0,0.0,1536.917,0.0,1330.913,2,1
0,18.26,854.68,4.246,0.0,647.282,0.0,3,0
1,15.146,0.0,0.0,830.478,473.31,0.0,3,0
0,45.354,0.0,0.0,649.617,879.534,2692.443,3,1
1,22.453,666.827,0.0,162.237,0.0,74.892,3,0
1,42.957,162.446,2170.35,0.0,0.0,349.89,2,1
1,36.458,0.0,679.741,0.0,751.614,0.0,8,0
1,60.251,798.538,1244.603,0.0,1980.922,1943.359,7,0
0,7.288,0.0,0.0,0.0,322.285,825.35,8,0
0,45.629,89.869,1883.057,0.0,777.044,0.0,3,0
1,44.05,1129.498,2011.322,0.0,0.0,0.0,1,1
1,14.373,1220.443,0.0,923.69,0.0,622.564,7,1
0,42.1,1242.059,0.0,516.339,1374.172,346.416,4,1
1,32.706,36.618,1044.919,610.145,1309.256,1173.716,3,1
0,24.815,1019.957,1223.266,499.746,1091.851,874.317,5,0
1,16.465,0.0,0.0,263.502,109.86,22.296,4,1
0,17.932,0.0,83.401,987.981,966.762,0.0,8,0
1,56.697,0.0,0.0,0.0,1293.138,132.061,8,0
1,28.01,1307.364,582.502,229.735,2092.175,0.0,6,0
0,38.95,0.0,1886.614,588.353,1397.379,163.295,8,0
1,16.927,137.754,0.0,0.0,380.203,317.263,6,0
1,17.082,0.0,1650.985,1904.09,0.0,0.0,1,1
0,43.148,671.857,0.0,185.997,481.224,962.214,4,1
1,9.106,0.0,0.0,249.514,592.235,0.0,4,0
0,22.187,0.0,1432.314,873.852,1089.933,0.0,8,0
0,28.476,507.081,1556.324,682.375,1799.281,0.0,1,0
1,29.559,0.0,1471.692,191.324,205.334,554.371,6,0
1,25.493,0.0,0.0,242.872,2621.086,387.19,3,0
1,33.541,0.0,0.0,0.0,0.0,743.224,1,1
1,37.7,0.0,1437.586,0.0,771.276,1243.263,5,0
1,38.285,336.044,499.85,459.638,0.0,1670.187,1,1
1,14.199,0.0,0.0,418.58,0.0,599.76,2,1
1,24.022,0.0,999.982,853.853,88.048,0.0,6,1
0,44.727,218.46,0.0,102.519,0.0,17.434,2,0
1,40.525,0.0,2603.43,0.0,132.429,0.0,6,0
0,8.78,1514.824,2303.81,761.769,348.246,2081.697,6,1
1,32.921,1412.033,1174.917,974.21,1540.396,2386.771,4,1
1,0.305,0.0,2083.208,673.017,0.0,982.827,3,1
0,28.657,582.139,527.75,78.365,1309.29,1201.382,3,1
1,54.569,707.034,1368.525,754.856,417.888,563.49,6,0
1,14.73,0.0,2223.264,2090.19,1441.734,684.359,6,1
0,16.319,0.0,744.598,234.485,0.0,0.0,8,0
1,38.696,212.006,143.775,0.0,0.0,222.371,2,1
1,6.401,107.65,0.0,0.0,0.0,0.0,8,0
1,19.141,0.0,350.24,520.267,0.0,595.424,8,0
0,36.35,507.506,1438.108,0.0,835.596,237.41,5,0
1,19.12,0.0,1584.76,264.866,1934.614,2344.163,1,1
1,24.696,0.0,1055.238,382.989,0.0,1262.459,6,1
1,38.419,290.904,0.0,1029.668,1002.049,598.738,8,0
1,33.902,470.881,0.0,903.709,0.0,19.713,6,1
0,31.735,0.0,0.0,654.167,508.353,2059.823,1,1
0,23.252,823.259,84.786,0.0,1045.419,268.548,1,1
1,33.181,0.0,74.485,685.79,0.0,648.258,5,1
1,26.268,0.0,1192.268,565.087,85.728,344.362,5,0
0,34.409,52.294,2832.812,313.329,1097.509,0.0,1,0
0,21.043,0.0,598.235,0.0,0.0,338.332,6,1
1,25.444,0.0,189.922,0.0,1778.998,0.0,6,0
0,14.141,1436.198,138.934,0.0,699.047,0.0,1,1
1,27.51,0.0,599.262,0.0,1098.4,667.112,6,0
0,16.646,1806.794,0.0,168.368,0.0,1946.61,5,1
0,12.403,504.132,594.238,0.0,0.0,665.632,1,1
0,31.621,279.836,990.975,1640.171,897.469,0.0,5,1
0,30.978,529.556,701.623,75.488,219.151,0.0,6,0
1,38.96,1864.453,999.05,894.502,345.327,1123.754,6,1
0,21.964,0.0,970.497,0.0,1506.368,0.0,4,0
0,33.713,0.0,0.0,0.0,1148.27,975.397,2,0
1,35.711,0.0,1214.244,224.263,2423.361,709.358,2,0
0,34.227,240.893,0.0,0.0,479.24,802.215,7,0
0,16.441,0.0,0.0,0.0,0.0,335.282,5,1
1,30.091,234.521,0.0,47.947,102.741,702.827,1,1
0,33.098,1320.806,970.25,39.012,767.23,174.573,2,1
1,28.1,318.415,182.91,1208.866,1427.442,0.0,6,1
1,0.0,29.754,0.0,381.807,0.0,0.0,8,0
1,30.247,0.0,1023.645,438.526,319.391,0.0,3,1
1,58.975,804.033,0.0,472.207,2080.496,109.835,1,0
0,22.959,0.0,617.786,513.071,45.77,1895.347,5,1
1,17.807,1420.157,736.199,123.583,1334.113,1066.584,6,1
0,33.227,1476.684,1512.692,0.0,852.429,539.095,6,1
0,32.373,386.888,2588.022,263.417,1361.447,0.0,3,0
0,44.698,212.515,0.0,817.81,0.0,1347.206,5,1
0,10.39,889.929,387.031,800.693,0.0,174.725,7,1
0,38.239,931.619,118.398,35.377,332.299,1953.681,1,1
0,36.266,0.0,970.5,599.992,0.0,0.0,6,0
0,26.01,0.0,708.803,61.033,13.285,0.0,7,0
0,32.742,0.0,26.945,188.968,588.164,0.0,4,0
0,42.412,485.892,0.0,0.0,2273.099,0.0,6,0
0,40.212,653.308,0.0,68.279,752.99,0.0,4,1
1,11.998,0.0,1635.434,921.145,997.751,408.377,8,0
1,39.482,0.0,1001.045,221.756,1590.923,0.0,4,0
1,27.094,0.0,1551.322,245.758,0.0,0.0,1,1
0,29.02,0.0,77.525,0.0,128.409,1427.987,8,0
1,29.025,578.161,0.0,0.0,2977.954,0.0,1,0
1,25.897,0.0,0.0,34.864,222.966,918.69,3,1
1,44.684,24.463,880.701,0.0,1538.074,332.775,6,0
0,26.828,0.0,0.0,182.133,1370.112,2523.241,1,1
0,12.326,341.544,2668.396,0.0,0.0,1346.805,1,1
0,22.491,191.222,0.0,214.798,651.527,0.0,3,0
0,30.502,0.0,778.392,238.042,471.422,0.0,3,0
1,45.209,97.141,2330.226,0.0,672.955,1877.864,6,0
1,36.443,337.192,1168.908,0.0,0.0,0.0,7,0
1,16.093,0.0,660.808,213.33,0.0,500.424,5,0
1,62.793,0.0,0.0,833.208,0.0,162.324,2,1
0,31.707,1393.623,0.0,313.763,202.426,0.0,6,1
0,45.855,0.0,1374.06,0.0,1613.483,671.19,2,0
0,25.876,157.106,2257.377,393.443,2309.042,499.038,8,0
1,35.467,877.046,0.0,1126.227,1846.258,780.271,8,1
0,39.753,2513.886,0.0,683.356,1256.204,445.924,5,1
0,45.055,0.0,0.0,476.615,0.0,738.565,4,1
1,42.803,512.388,0.0,576.33,0.0,398.033,7,1
1,40.211,0.0,313.612,976.374,540.919,0.0,6,0
0,23.589,0.0,2368.948,772.351,0.0,304.201,1,1
0,19.996,0.0,1257.76,487.386,944.926,0.0,3,0
0,32.657,0.0,816.102,768.44,1102.535,0.0,6,0
0,41.064,193.161,0.0,0.0,899.919,0.0,3,0
0,24.882,0.0,0.0,0.0,1437.648,174.606,4,0
0,42.912,835.425,2136.777,257.975,0.0,336.987,3,1
1,48.337,255.752,690.886,208.461,1336.112,1262.198,4,0
1,15.172,494.583,0.0,0.0,0.0,0.0,7,0
1,16.283,0.0,0.0,632.477,0.0,506.695,5,1
0,26.035,0.0,0.0,0.0,895.328,423.929,4,0
1,32.307,406.917,0.0,0.0,1647.461,0.0,8,0
0,20.656,0.0,1125.493,0.0,846.815,377.428,2,0
0,46.931,0.0,321.066,0.0,332.884,1352.857,8,0
1,33.937,0.0,357.762,1007.049,651.169,495.832,6,0
0,28.552,0.0,2026.168,0.0,460.07,537.913,8,0
0,7.897,0.0,0.0,0.0,0.0,0.0,8,0
1,9.579,1090.562,2687.039,678.469,0.0,2367.302,8,1
1,31.934,0.0,0.0,531.785,223.292,0.0,4,0
1,0.0,976.194,557.038,0.0,397.843,0.0,6,0
0,42.177,914.715,112.556,552.194,322.466,1203.193,5,1
1,25.786,0.0,598.103,332.279,1053.712,179.442,7,0
1,73.403,0.0,983.51,1476.5,72.976,0.0,8,0
0,60.311,1884.327,970.602,396.207,929.277,0.0,4,0
1,25.46,1358.102,0.0,90.905,150.955,2265.3,5,1
1,26.511,199.513,0.0,0.0,2315.695,672.32,2,0
1,41.938,387.293,3453.806,0.0,398.785,877.239,7,0
0,51.844,0.0,0.0,0.0,2884.795,470.746,1,0
0,5.068,501.029,1289.055,937.815,697.213,583.552,5,1
0,2.991,0.0,0.0,180.063,74.955,1768.556,1,1
0,19.292,0.0,114.465,486.538,0.0,36.603,5,0
1,36.158,0.0,297.361,1017.979,0.0,0.0,8,0
0,34.956,233.71,1017.378,0.0,0.0,1211.457,7,0
0,42.977,0.0,0.0,886.169,0.0,821.537,4,1
1,11.204,176.27,649.369,201.022,744.302,413.379,1,1
1,0.0,0.0,0.0,413.627,0.0,794.291,7,1
1,40.012,0.0,839.215,0.0,515.62,0.0,5,0
0,16.405,774.557,0.0,0.0,1720.176,321.727,6,0
0,0.0,380.862,0.0,443.754,213.411,161.715,5,1
0,30.031,213.718,121.647,1505.375,2597.072,0.0,1,1
1,39.104,791.327,0.0,731.855,0.0,1548.631,6,1
1,26.291,532.396,0.0,878.693,144.358,0.0,8,1
0,21.59,1160.266,0.0,62.479,0.0,2778.926,7,1
1,25.769,0.0,0.0,0.0,1340.157,1221.23,5,1
1,22.812,0.0,1671.548,0.0,0.0,0.0,1,0
1,9.127,0.0,0.0,0.0,0.0,64.625,2,1
0,17.994,0.0,235.583,0.0,191.918,123.027,3,0
1,35.298,847.1,1353.469,0.0,2016.515,711.481,2,0
1,32.503,1064.992,0.0,0.0,558.426,0.0,1,1
0,30.353,844.198,0.0,71.799,0.0,333.627,4,1
0,14.068,0.0,721.486,243.78,0.0,172.825,4,1
1,25.459,924.044,1791.521,372.972,2150.289,0.0,3,0
1,0.0,0.0,0.0,161.642,0.0,0.0,1,1
0,30.499,803.776,269.823,0.0,0.0,1264.745,6,1
0,48.004,0.0,0.0,0.0,1935.11,0.0,5,0
1,7.362,676.647,0.0,0.0,1422.207,801.773,2,1
1,19.797,0.0,491.046,0.0,1711.466,1137.386,6,0
1,32.607,981.259,0.0,430.997,0.0,70.514,7,0
1,45.54,0.0,0.0,679.201,0.0,354.991,2,1
0,21.725,0.0,0.0,695.6,456.483,1521.67,3,1
1,18.308,0.0,542.494,593.894,678.639,0.0,8,0
1,0.435,0.0,1716.833,95.226,711.062,0.0,3,0
0,29.448,281.443,0.0,0.0,1936.002,0.0,7,0
1,56.589,1393.958,0.0,0.0,0.0,1523.592,3,1
0,31.883,1953.488,1053.055,0.0,1255.665,1656.908,8,0
1,27.688,283.151,1904.509,725.438,0.0,0.0,7,0
1,32.509,945.843,0.0,72.162,1251.309,1356.553,6,1
0,27.845,370.862,247.458,0.0,0.0,1159.854,6,0
0,16.618,544.274,789.757,0.0,0.0,1931.275,3,1
1,39.526,0.0,327.532,0.0,0.0,704.363,6,1
1,31.161,346.8,0.0,194.094,0.0,253.527,3,1
1,28.247,569.361,1051.308,767.782,354.472,1502.478,8,1
0,14.345,0.0,2273.204,0.0,0.0,1033.849,6,0
1,46.249,169.629,589.994,0.0,1174.928,2657.143,3,1
0,37.306,182.02,0.0,64.059,1014.062,1306.643,5,0
0,20.259,757.162,0.0,82.531,2166.973,461.225,8,0
1,42.026,0.0,2573.896,44.045,712.96,0.0,5,0
0,21.034,186.498,1541.955,0.0,882.746,0.0,7,0
1,17.052,1462.804,1218.032,291.766,1850.11,0.0,2,1
1,17.364,976.639,877.695,207.039,0.0,74.185,7,0
1,3.205,1096.966,0.0,156.095,0.0,1272.371,2,1
1,34.602,235.881,209.315,401.079,530.103,296.145,7,0
1,2.364,428.648,356.493,0.0,0.0,1372.812,3,1
0,10.802,871.454,1109.489,0.0,3009.333,654.452,2,0
0,0.0,1234.166,2260.703,942.869,1911.048,0.0,6,0
1,26.795,0.0,1792.006,483.239,2690.374,392.006,3,0
1,25.896,0.0,0.0,633.09,378.692,795.702,5,1
0,23.426,1071.139,718.794,856.619,915.631,446.185,4,1
0,13.404,40.022,1334.116,464.529,0.0,458.218,5,0
0,11.589,0.0,1192.632,689.898,1281.217,0.0,1,1
0,34.501,0.0,0.0,0.0,0.0,0.0,5,0
1,20.292,0.0,3946.931,284.326,0.0,2671.384,1,1
1,32.429,0.0,0.0,67.678,0.0,1589.89,2,1
0,15.607,1579.211,0.0,1109.503,0.0,0.0,5,1
1,30.535,205.417,730.314,689.481,1935.719,0.0,4,0
0,46.246,182.332,2990.164,0.0,2307.245,380.002,6,0
1,36.206,602.25,0.0,378.765,0.0,1238.147,5,1
0,22.226,845.524,131.006,263.902,1730.887,0.0,6,0
1,31.601,834.827,1742.752,424.426,1356.523,1372.742,5,1
0,24.631,917.854,428.565,0.0,0.0,362.637,5,0
0,28.11,0.0,48.475,371.609,0.0,128.786,8,0
1,23.441,26.387,1128.759,42.235,0.0,1093.921,6,1
0,25.699,719.871,777.022,328.172,1132.795,0.0,6,0
1,30.969,0.0,1686.527,0.0,0.0,0.0,3,0
1,14.093,216.681,1999.763,0.0,201.24,1003.676,5,1
0,13.778,479.196,818.404,827.352,0.0,267.034,5,1
1,8.56,730.37,800.079,0.0,830.675,2304.215,8,1
1,5.596,0.0,706.933,0.0,71.529,1028.517,4,1
1,10.958,684.585,1036.957,141.114,0.0,960.255,6,1
1,30.232,68.079,516.205,0.0,75.374,248.02,8,0
1,15.501,679.848,449.27,0.0,2549.647,1218.492,6,0
0,35.191,725.006,1885.953,228.843,0.0,0.0,1,1
1,28.486,1265.145,2269.339,0.0,0.0,596.497,1,1
1,0.441,1099.745,0.0,0.0,951.777,0.0,6,0
1,37.17,1095.272,462.025,1320.294,152.123,1391.413,4,1
1,39.351,1158.386,0.0,427.306,0.0,605.135,8,1
1,14.086,409.396,76.834,0.0,2764.646,2381.639,2,1
0,33.883,240.92,933.019,404.2,0.0,2811.913,5,1
1,16.009,787.331,1253.326,487.705,0.0,1101.485,2,1
0,29.367,695.853,315.448,726.872,485.819,371.847,4,1
0,10.297,19.107,0.0,98.793,2213.128,0.0,2,0
0,2.897,483.135,0.0,716.839,0.0,1249.987,1,1
0,22.641,197.187,1525.8,0.0,613.584,520.799,3,1
1,26.268,0.0,0.0,0.0,2605.999,864.937,2,0
0,22.432,1058.799,1874.913,261.768,451.602,2116.277,3,1
0,11.424,255.88,1075.476,354.595,0.0,0.0,2,1
1,22.401,1551.66,2029.411,0.0,0.0,0.0,8,0
1,31.77,0.0,211.717,315.275,537.571,51.753,4,1
1,27.371,0.0,0.0,0.0,1773.884,1162.261,3,1
0,30.555,241.215,966.435,14.903,0.0,882.611,2,1
1,18.618,959.298,1979.584,743.873,1219.317,0.0,4,1
1,44.404,479.655,1559.666,679.005,0.0,1094.381,7,1
0,11.534,421.807,0.0,0.0,0.0,0.0,7,0
1,34.826,0.0,554.113,0.0,0.0,0.0,6,0
1,44.546,0.0,0.0,0.0,1891.832,178.77,8,0
1,34.733,429.628,0.0,155.022,385.762,0.0,7,0
1,25.165,0.0,1596.466,0.0,628.792,1234.352,1,1
0,20.604,0.0,0.0,752.76,615.888,600.697,5,1
1,42.505,545.596,0.0,364.538,1530.129,2153.839,4,1
1,8.078,0.0,0.0,397.408,0.0,40.455,4,1
0,14.418,1263.481,0.0,0.0,1067.114,171.688,1,1
1,22.434,1015.559,625.697,823.683,0.0,1570.902,3,1
0,45.327,0.0,1843.804,0.0,2491.6,204.533,2,0
1,33.317,0.0,228.148,637.071,0.0,1868.706,3,1
0,14.447,0.0,0.0,693.215,0.0,867.87,8,0
0,23.656,0.0,1457.933,0.0,914.637,0.0,4,0
0,19.399,718.153,2472.842,882.83,397.767,1536.449,6,1
0,18.063,0.0,0.0,134.665,669.538,1258.363,7,0
1,41.704,519.518,0.0,204.962,560.045,1298.899,2,1
0,8.796,0.0,1068.793,360.136,0.0,0.0,7,0
1,50.523,738.684,2396.248,1954.482,2084.695,0.0,7,0
0,39.595,0.0,0.0,922.883,1292.896,0.0,5,0
0,43.272,227.91,0.0,562.633,1804.845,0.0,7,0
0,21.519,159.632,1207.702,0.0,0.0,2129.019,8,0
1,25.901,0.0,1408.882,250.41,768.176,287.644,8,0
0,7.936,0.0,457.358,0.0,527.105,261.611,8,0
1,20.655,849.066,0.0,630.382,1550.803,879.609,5,1
1,34.911,479.345,1643.254,248.662,1586.273,897.767,2,1
1,46.145,902.532,1083.643,0.0,522.356,0.0,8,0
1,12.5,431.028,0.0,215.43,0.0,0.0,4,1
1,22.883,312.944,508.914,0.0,2267.628,0.0,6,0
1,25.882,0.0,0.0,254.681,921.586,720.321,1,1
1,8.459,44.262,1273.069,0.0,0.0,0.0,7,0
1,36.279,202.2,135.32,185.393,757.196,316.157,6,0
1,17.864,1489.52,0.0,590.263,0.0,0.0,7,1
0,25.265,666.522,410.551,140.291,1470.888,0.0,7,0
0,21.673,1218.44,498.369,0.0,0.0,1470.887,3,1
0,16.949,608.4,1523.916,283.835,67.082,1779.922,6,1
0,27.901,0.0,1159.309,560.422,578.9,1054.807,6,0
0,24.981,296.131,262.309,0.0,1452.724,0.0,3,0
1,22.794,373.545,1366.402,315.967,427.199,1622.372,1,1
1,17.802,0.0,930.885,907.823,1008.459,1060.202,1,1
1,32.473,0.0,0.0,491.248,279.016,176.952,5,1
1,51.151,86.251,300.338,202.342,274.595,0.0,8,0
1,29.958,1263.653,272.133,528.253,404.025,1301.275,7,1
1,41.946,0.0,1056.314,423.398,102.036,0.0,8,0
1,8.537,1003.782,9.573,592.017,0.0,663.474,1,1
0,30.209,0.0,0.0,0.0,0.0,371.814,2,0
0,12.637,0.0,2812.509,0.0,579.252,1915.315,5,0
0,7.323,986.962,1577.683,732.704,35.967,168.365,8,0
0,17.649,695.734,0.0,0.0,138.61,284.131,4,0
1,44.687,1035.437,1135.129,394.862,0.0,1957.546,5,1
1,41.3,740.456,592.02,0.0,0.0,0.0,7,0
1,31.402,1558.899,919.861,0.0,0.0,1155.039,6,1
0,6.542,583.17,614.81,365.804,0.0,91.453,6,0
1,25.252,118.29,1877.571,282.579,315.657,0.0,5,0
1,32.224,442.902,864.744,1351.792,742.716,301.219,3,1
1,30.458,1028.255,375.494,0.0,111.395,1026.29,7,1
0,2.187,0.0,1700.629,976.462,0.0,1721.395,1,1
1,15.536,0.0,729.942,367.357,0.0,1848.429,6,1
0,27.103,19.176,595.774,0.0,3167.181,0.0,6,0
0,35.508,0.0,826.827,617.578,0.0,0.0,2,1
0,0.0,309.751,337.669,486.814,0.0,0.0,7,1
0,25.73,0.0,461.072,190.072,878.7,0.0,1,0
1,30.003,254.489,0.0,319.125,706.947,71.744,7,0
0,39.895,782.438,0.0,0.0,882.952,0.0,6,0
0,37.7,0.0,0.0,0.0,0.0,1063.865,3,1
1,36.156,1310.125,0.0,595.288,572.414,0.0,6,1
1,16.801,0.0,0.0,44.594,377.478,0.0,1,1
0,1.288,994.319,240.88,125.154,0.0,0.0,2,1
1,22.497,658.839,573.741,326.7,579.951,1546.484,8,1
0,42.023,0.0,124.444,318.561,1470.902,0.0,8,0
0,47.508,1982.016,0.0,0.0,285.58,537.99,1,1
0,37.948,178.566,2339.504,890.301,292.898,165.465,7,0
0,34.011,0.0,1753.776,237.862,1484.977,1395.195,7,0
1,33.315,0.0,984.912,56.514,1367.496,925.623,3,0
0,20.214,76.988,2738.989,411.274,2052.33,427.306,2,0
1,26.179,137.186,0.0,302.464,0.0,0.0,8,0
1,51.367,286.72,2715.15,599.555,1305.631,0.0,1,0
1,14.804,26.432,0.0,471.271,971.738,559.44,3,1
1,50.607,631.596,736.486,571.994,0.0,857.014,3,1
0,23.492,0.0,0.0,926.557,586.747,0.0,5,0
1,46.556,0.0,467.633,664.83,1466.234,0.0,6,0
0,8.305,122.915,913.4,80.128,0.0,564.946,7,0
1,36.203,0.0,264.372,0.0,796.819,656.099,2,0
1,17.685,449.951,1306.653,1103.967,1268.489,0.0,2,1
0,8.186,0.0,568.817,36.875,0.0,0.0,6,0
0,31.059,326.184,0.0,0.0,153.486,0.0,7,0
0,42.133,1074.149,0.0,0.0,641.065,1746.127,7,1
1,16.171,0.0,1423.097,359.545,0.0,0.0,1,1
1,7.014,909.817,0.0,253.376,0.0,869.372,5,1
0,26.714,0.0,1548.484,0.0,161.451,263.291,2,0
0,26.776,1359.577,1917.254,423.833,1191.804,1654.073,3,1
0,35.676,0.0,0.0,0.0,1018.107,0.0,2,0
0,41.294,0.0,1809.512,1676.576,0.0,364.315,5,1
1,27.168,666.705,2922.507,0.0,1027.385,0.0,6,0
0,53.977,0.0,752.405,0.0,0.0,0.0,4,0
0,31.139,0.0,1168.901,0.0,0.0,926.15,6,1
0,23.15,0.0,1694.406,885.611,0.0,0.0,3,1
0,5.438,191.006,119.421,0.0,1545.266,60.372,2,0
1,24.323,1092.417,668.736,0.0,1031.557,1361.86,6,1
0,23.291,0.0,0.0,565.895,308.271,1084.019,3,1
1,41.444,235.002,616.362,0.0,0.0,0.0,8,0
0,34.475,626.187,1047.734,520.062,0.0,0.0,7,0
0,11.489,345.742,1069.396,1167.584,429.663,834.97,1,1
1,30.412,1071.412,1728.51,487.3,0.0,1709.37,8,1
0,37.401,171.676,0.0,527.223,0.0,0.0,8,0
1,49.392,100.042,0.0,657.234,72.874,0.0,3,1
1,40.425,605.014,2724.609,1127.436,0.0,0.0,2,1
0,38.652,284.554,269.606,847.541,0.0,900.189,1,1
1,28.841,0.0,690.041,416.215,761.557,1589.943,1,1
1,33.436,555.494,369.588,676.179,320.463,0.0,8,1
1,45.493,0.0,0.0,0.0,0.0,0.0,1,1
1,9.341,0.0,2398.235,604.724,0.0,2756.996,4,1
1,23.108,0.0,0.0,0.0,2044.535,113.811,4,0
1,17.184,1099.495,0.0,0.0,0.0,565.537,1,1
1,33.308,0.0,0.0,0.0,586.752,0.0,8,0
1,45.223,477.139,0.0,394.801,0.0,814.46,6,1
0,19.642,242.277,0.0,0.0,349.907,1308.064,8,0
0,0.0,0.0,0.0,792.241,813.371,614.786,6,1
1,22.229,421.322,1190.914,388.508,0.0,2127.901,6,1
0,40.789,529.239,0.0,799.494,302.722,0.0,2,1
1,35.527,603.266,1515.365,0.0,1619.802,23.973,1,0
1,33.995,0.0,2128.181,751.496,2247.652,542.977,6,0
0,24.08,1108.153,1387.41,1349.28,166.985,788.21,1,1
1,10.094,0.0,191.534,597.929,355.849,539.345,3,1
1,35.214,666.269,619.337,612.595,2742.466,0.0,6,0
1,16.32,701.698,0.0,264.975,1558.417,628.141,8,0
1,58.577,0.0,289.465,0.0,0.0,0.0,3,0
0,35.987,649.299,0.0,596.268,0.0,0.0,3,1
1,19.871,0.0,1283.192,0.0,1362.204,334.106,6,0
1,19.441,0.0,3537.303,0.0,0.0,0.0,5,0
1,26.699,979.032,1049.786,0.0,1506.499,0.0,3,0
0,24.647,0.0,0.0,0.0,677.73,0.0,6,0
1,43.636,0.0,16.524,529.545,879.493,2134.599,7,1
0,30.61,0.0,596.989,453.02,27.593,883.518,3,1
0,17.757,396.954,554.829,198.512,0.0,177.398,2,1
1,54.466,182.774,0.0,265.425,1918.192,0.0,4,0
1,28.69,576.244,744.35,0.0,38.589,0.0,4,0
0,38.764,0.0,0.0,0.0,0.0,0.0,4,0
1,19.485,0.0,0.0,0.0,221.849,1051.66,7,0
0,33.084,144.602,1224.957,0.0,522.324,1289.283,5,0
0,32.356,1453.627,0.0,505.764,0.0,974.407,1,1
1,1.545,146.022,1095.854,0.0,0.0,466.312,3,1
1,56.214,925.394,0.0,0.0,0.0,1669.068,7,1
0,46.069,245.061,2567.791,0.0,1239.808,0.0,2,0
0,22.439,0.0,0.0,5.291,0.0,1439.448,5,1
0,12.568,59.629,181.6,0.0,0.0,0.0,7,0
0,32.866,110.527,846.736,214.354,0.0,0.0,4,0
1,29.214,612.37,0.0,0.0,0.0,0.0,5,0
1,32.979,1113.497,622.087,228.544,1807.692,0.0,7,0
1,30.682,453.793,1140.428,88.976,327.827,992.021,2,1
1,35.087,991.6,1602.736,1106.343,861.374,0.0,6,1
1,48.262,0.0,1399.797,448.442,900.136,0.0,5,0
0,35.953,0.0,243.827,0.0,371.802,1049.422,4,1
1,13.305,0.0,274.042,0.0,227.741,644.369,1,1
1,47.076,424.389,3268.93,200.916,1458.979,1310.722,7,0
1,50.969,0.0,1589.867,0.0,470.596,838.229,4,0
1,72.129,694.352,0.0,0.0,1849.007,0.0,7,0
1,12.271,0.0,569.986,925.746,992.913,379.908,4,1
0,31.4,247.97,47.828,573.325,0.0,431.39,4,1
0,0.0,666.458,287.599,461.747,0.0,0.0,7,1
0,35.744,0.0,0.0,0.0,0.0,0.0,5,0
1,20.325,1599.06,0.0,409.499,1649.303,0.0,2,1
0,54.928,35.951,2623.867,0.0,0.0,2438.411,4,1
0,17.155,0.0,1144.892,284.72,0.0,0.0,8,0
1,4.351,322.761,0.0,0.0,661.756,1594.51,6,1
1,21.402,241.738,1910.068,1019.122,203.116,0.0,5,1
1,0.343,166.769,1757.555,0.0,634.025,1233.281,2,1
0,38.515,864.274,18.858,860.079,2388.795,1247.616,1,1
0,0.0,705.839,1310.716,191.793,1314.378,1300.22,8,0
1,28.398,413.62,0.0,0.0,339.712,707.219,4,1
1,0.0,512.601,0.0,263.522,0.0,1746.235,3,1
0,23.516,152.167,2248.256,580.675,0.0,697.272,5,1
0,51.007,1374.069,123.924,935.378,1092.151,2099.206,6,1
1,33.049,0.0,0.0,345.36,0.0,0.0,1,1
1,15.911,310.774,374.036,0.0,2665.067,665.701,1,0
0,27.563,262.266,355.694,201.153,325.858,597.49,1,1
1,28.252,748.632,1888.042,1187.404,363.733,0.0,5,1
0,34.617,0.0,467.204,924.7,0.0,908.563,2,1
0,8.864,0.0,0.0,678.908,856.412,0.0,3,1
0,36.296,321.935,1704.067,615.585,0.0,0.0,8,0
0,0.0,402.8,594.948,561.692,2691.382,0.0,6,0
1,19.182,1188.24,0.0,818.903,1759.086,1936.558,2,1
1,21.164,0.0,1835.997,0.0,1392.726,56.873,4,0
0,36.867,970.551,682.394,0.0,0.0,2575.228,3,1
0,28.317,1758.819,453.511,208.642,535.955,1143.097,2,1
0,8.322,0.0,663.49,0.0,1639.995,770.503,4,0
0,14.21,0.0,0.0,0.0,962.416,0.0,7,0
0,30.782,0.0,0.0,0.0,0.0,0.0,3,0
1,26.893,229.103,454.299,1561.776,0.0,849.12,5,1
1,19.892,586.462,216.404,246.23,0.0,224.91,6,1
1,21.268,0.0,1976.914,372.668,0.0,0.0,7,0
1,37.746,1230.879,710.887,0.0,1991.657,0.0,6,0
0,20.752,0.0,1475.885,0.0,0.0,0.0,4,0
0,26.767,0.0,461.274,0.0,1031.511,2212.016,2,1
0,58.379,939.362,1717.546,975.39,0.0,2623.942,3,1
0,8.068,0.0,927.033,357.194,0.0,515.239,4,1
0,2.074,87.316,466.105,505.213,0.0,456.39,4,1
1,38.97,2246.493,434.06,583.597,0.0,0.0,5,1
0,18.499,212.172,0.0,0.0,1971.805,0.0,4,0
1,23.545,0.0,1058.299,947.261,601.307,1743.938,3,1
1,17.064,182.692,401.754,0.0,0.0,2267.255,1,1
1,24.363,186.979,0.0,957.49,1428.862,0.0,3,0
1,50.38,324.422,1777.754,417.689,1664.435,213.02,3,0
0,39.23,650.471,0.0,0.0,424.451,0.0,5,1
1,40.071,0.0,0.0,0.0,2548.224,0.0,5,0
1,8.173,1316.906,1683.262,0.0,1213.721,1545.204,6,0
1,11.884,379.324,828.628,821.438,1060.918,0.0,7,0
0,0.0,692.416,392.569,156.148,0.0,789.793,6,0
0,16.669,0.0,751.204,0.0,1000.138,1064.65,4,1
0,41.394,1056.148,665.297,380.418,548.47,150.741,8,0
1,35.237,52.916,0.0,0.0,881.812,1237.721,6,0
1,24.899,400.409,30.886,0.0,0.0,455.034,5,1
0,27.688,0.0,2389.826,1109.661,450.909,1577.986,4,1
1,18.356,0.0,0.0,230.08,0.0,0.0,1,1
0,30.867,667.333,68.039,5.678,0.0,0.0,2,1
0,38.722,0.0,0.0,0.0,1408.135,224.596,5,0
1,5.378,0.0,345.582,0.0,0.0,0.0,7,0
1,32.195,0.0,0.0,0.0,427.905,0.0,8,0
1,41.054,674.319,1034.09,889.553,676.302,0.0,5,1
1,22.189,0.0,686.776,0.0,669.219,1295.616,1,1
0,37.81,143.524,1378.257,182.358,0.0,0.0,7,0
0,67.405,229.768,0.0,0.0,608.333,0.0,5,0
0,26.539,0.0,41.591,0.0,828.064,1158.36,6,0
0,33.506,0.0,179.133,511.495,1118.461,0.0,6,0
0,17.667,438.581,996.776,381.519,2216.785,0.0,6,0
1,30.538,0.0,0.0,1151.89,567.614,0.0,8,0
0,34.444,906.871,1548.785,922.056,380.454,0.0,1,1
0,30.728,848.425,1873.699,40.802,0.0,0.0,4,0
0,13.724,687.46,0.0,434.854,789.541,902.105,8,0
1,30.889,1402.852,0.0,0.0,1044.121,1219.773,5,1
1,48.471,165.992,0.0,1320.693,98.466,1128.307,5,1
1,34.281,641.773,3608.863,813.448,909.074,1464.215,6,0
1,41.468,0.0,0.0,265.024,0.0,1603.191,4,1
0,24.682,1814.04,2463.151,282.221,1048.092,0.0,8,0
0,38.499,1509.362,0.0,979.116,1313.863,772.933,5,1
1,31.91,227.722,0.0,494.564,1298.491,0.0,8,0
1,14.687,471.281,0.0,1042.832,439.629,0.0,3,1
0,32.459,1103.543,0.0,0.0,0.0,888.435,1,1
0,14.116,124.359,128.522,428.288,0.0,0.0,2,1
1,19.14,0.0,0.0,0.0,964.673,0.0,3,0
1,30.651,788.093,0.0,1153.572,3003.694,965.251,7,0
1,32.161,270.986,1840.166,1035.983,0.0,812.175,2,1
1,11.351,338.946,1918.552,188.388,811.421,443.569,3,1
0,42.756,0.0,1589.156,1029.953,0.0,0.0,3,1
0,36.008,0.0,1078.799,1168.544,0.0,1081.021,7,1
0,18.134,373.493,561.292,211.668,0.0,1014.318,8,1
1,6.474,808.225,0.0,1554.283,0.0,389.57,7,1
1,25.971,73.226,0.0,152.449,1798.779,0.0,3,0
0,21.757,1153.679,885.595,49.868,0.0,0.0,1,1
0,29.584,0.0,0.0,654.889,19.789,1179.725,2,1
0,22.916,0.0,0.0,0.0,0.0,1693.551,4,1
0,0.0,176.3,1833.496,217.79,0.0,0.0,4,0
1,22.563,166.315,2730.779,959.283,1824.175,37.843,6,0
0,23.721,720.48,921.954,180.763,531.174,130.226,8,0
0,36.871,0.0,1777.749,0.0,0.0,588.638,8,0
0,18.225,1109.261,154.982,375.699,0.0,0.0,8,0
0,51.501,1498.496,0.0,0.0,0.0,0.0,5,1
0,1.237,194.556,1184.606,654.552,262.1,1552.407,1,1
0,46.356,1032.312,1133.147,559.866,500.181,2184.423,8,1
0,24.86,0.0,536.002,993.984,2395.132,0.0,6,0
1,40.034,918.894,159.149,678.218,0.0,0.0,6,1
1,29.117,900.73,1604.653,780.537,271.706,156.044,1,1
1,43.954,781.234,0.0,0.0,0.0,103.121,1,1
1,22.577,209.884,0.0,620.232,1351.203,1345.295,3,1
0,12.619,0.0,0.0,1272.333,700.3,357.371,1,1
1,47.887,0.0,551.968,0.0,959.398,0.0,4,0
1,26.411,0.0,0.0,1177.853,689.595,0.0,1,1
0,31.102,0.0,0.0,0.0,0.0,1208.916,7,0
0,45.287,299.458,0.0,0.0,1642.392,929.487,3,0
1,13.553,0.0,137.27,335.872,1188.355,1413.588,2,1
1,36.337,0.0,0.0,570.91,1317.083,0.0,6,0
0,19.741,0.0,554.646,680.58,1700.455,2230.359,8,0
1,26.15,0.0,1946.764,0.0,769.443,0.0,1,0
0,29.012,948.974,612.59,413.342,1939.092,1045.081,7,0
0,6.997,0.0,2299.585,0.0,725.404,0.0,7,0
0,17.096,0.0,2050.798,0.0,69.036,0.0,6,0
0,46.915,0.0,1383.282,0.0,302.736,1939.074,2,1
1,40.407,440.346,539.623,0.0,283.772,1172.932,5,1
0,27.123,516.562,477.0,462.093,0.0,0.0,3,1
0,31.404,0.0,1366.56,815.24,2105.078,0.0,6,0
1,23.881,884.063,0.0,0.0,635.925,405.653,1,1
0,46.992,1153.639,0.0,367.098,414.212,839.848,5,1
1,25.195,0.0,1040.405,0.0,737.102,1614.158,5,1
1,31.246,0.0,0.0,522.288,3587.84,0.0,2,0
1,44.044,0.0,0.0,0.0,0.0,0.0,6,0
0,17.117,0.0,450.269,0.0,0.0,464.817,6,0
1,49.823,365.552,335.85,617.812,0.0,0.0,4,1
1,6.574,0.0,0.0,0.0,54.141,0.0,4,1
0,50.815,0.0,648.59,0.0,580.07,612.552,4,0
1,22.783,1220.478,1609.368,0.0,0.0,76.231,6,0
1,24.602,0.0,0.0,700.069,0.0,621.838,6,1
1,1.54,1028.228,1976.98,629.709,466.645,0.0,4,1
1,21.633,450.97,0.0,173.056,0.0,811.046,3,1
1,13.443,0.0,2990.789,0.0,651.193,0.0,7,0
0,19.493,632.964,0.0,847.247,1535.658,0.0,7,0
1,26.078,143.516,624.74,0.0,1054.734,44.94,7,0
1,41.409,0.0,0.0,0.0,1279.115,2128.909,8,0
0,30.906,379.222,375.437,1464.745,1504.51,1124.067,1,1
0,32.307,528.512,724.179,0.0,621.111,1431.052,1,1
0,12.663,679.935,346.605,585.638,135.495,1787.931,3,1
1,15.669,985.864,0.0,484.772,0.0,4082.974,2,1
0,53.182,485.288,0.0,388.496,0.0,343.669,7,0
1,17.707,0.0,1806.632,327.92,0.0,1791.421,7,1
1,51.187,0.0,486.969,380.778,1114.84,1363.267,1,1
0,24.597,2132.981,2298.903,322.287,691.461,1345.834,6,1
0,28.032,690.919,0.0,140.926,1076.434,2162.952,5,1
1,42.985,1760.037,0.0,1016.319,0.0,0.0,6,1
0,45.806,1127.032,1428.713,0.0,1884.924,0.0,8,0
1,26.449,377.171,0.0,742.017,0.0,635.754,1,1
0,22.565,415.915,0.0,630.512,0.0,108.165,8,1
0,27.217,196.223,1766.982,561.104,0.0,634.426,8,0
0,32.731,0.0,0.0,795.508,3042.143,1940.886,3,1
1,40.478,231.731,0.0,118.144,0.0,0.0,2,1
0,28.059,1006.938,2692.233,0.0,0.0,0.0,1,1
1,36.664,0.0,0.0,129.516,98.685,483.027,3,0
1,50.937,487.769,670.943,0.0,146.518,60.266,5,0
1,33.338,773.534,532.902,0.0,0.0,0.0,4,1
1,32.363,0.0,0.0,0.0,467.534,0.0,5,0
0,6.735,0.0,129.22,0.0,1493.154,1021.742,5,1
1,0.0,0.0,988.096,0.0,655.718,1809.424,7,1
1,33.437,0.0,875.171,0.0,0.0,0.0,2,0
0,26.672,0.0,1534.225,562.124,0.0,0.0,1,1
1,20.793,0.0,0.0,1413.38,0.0,331.745,8,1
0,31.409,1142.646,1305.005,509.493,368.233,0.0,4,1
1,27.154,0.0,0.0,56.363,1773.497,0.0,3,0
0,43.789,302.198,0.0,139.342,146.229,0.0,4,0
1,29.206,0.0,0.0,0.0,213.03,1737.514,1,1
0,17.543,986.263,0.0,220.423,2265.409,0.0,2,0
1,41.862,1072.255,1661.503,149.275,1273.827,2035.476,1,1
1,24.96,781.645,0.0,0.0,941.489,1469.197,3,1
0,35.372,418.987,778.847,1112.417,2463.945,0.0,4,0
0,21.316,69.811,130.891,0.0,848.792,0.0,5,0
0,18.902,0.0,326.822,572.266,0.0,96.777,1,1
0,29.178,1483.294,2086.329,113.329,1225.932,190.121,8,0
1,28.18,0.0,0.0,1234.466,0.0,663.454,6,1
1,34.718,651.37,1183.922,360.884,807.206,0.0,2,1
0,24.239,908.718,495.076,0.0,0.0,1083.715,2,1
1,2.291,0.0,267.577,31.284,0.0,578.594,4,1
0,21.941,894.708,3209.963,192.348,0.0,0.0,5,0
0,39.113,716.739,0.0,0.0,0.0,0.0,3,0
1,23.837,1343.176,1996.958,0.0,0.0,105.871,5,0
1,24.551,0.0,1237.688,0.0,1445.818,0.0,8,0
1,41.809,0.0,0.0,0.0,0.0,361.361,4,1
1,18.032,0.0,2405.182,222.588,909.655,389.711,5,0
1,6.401,355.755,0.0,338.098,0.0,574.793,4,1
1,25.751,257.838,0.0,0.0,101.55,2154.555,5,1
1,21.222,0.0,0.0,93.161,666.223,160.933,1,1
0,14.473,0.0,944.5,485.51,0.0,1354.828,2,1
0,25.545,525.814,0.0,78.769,0.0,541.067,4,1
0,34.881,1502.024,969.677,0.0,851.066,49.843,4,0
0,27.87,521.763,226.276,0.0,1545.388,174.883,2,0
0,32.298,615.938,0.0,0.0,223.028,238.232,6,0
1,53.388,592.089,916.377,0.0,0.0,593.756,6,0
0,23.2,478.08,127.654,267.341,481.243,0.0,3,1
0,31.897,825.583,0.0,1462.305,371.028,0.0,4,1
0,20.871,476.993,3811.648,0.0,577.193,987.012,1,0
0,16.151,16.76,0.0,0.0,0.0,1243.03,5,0
0,19.811,0.0,0.0,141.049,0.0,1082.918,1,1
0,21.297,58.167,0.0,0.0,0.0,462.721,4,1
0,33.033,424.184,0.0,785.012,475.954,1105.586,3,1
1,60.887,14.546,1441.375,0.0,514.466,1049.1,8,0
1,17.975,424.32,835.983,0.0,1009.799,1127.011,8,0
0,22.167,505.448,928.455,628.256,593.34,0.0,8,0
1,27.116,761.567,5.973,5.307,0.0,0.0,4,0
1,33.541,1053.817,114.78,0.0,1901.705,0.0,8,0
1,31.69,270.705,4.883,416.824,1709.11,281.747,3,0
1,45.977,0.0,352.568,677.552,0.0,45.983,2,1
0,0.0,0.0,1452.4,287.956,675.976,0.0,5,0
1,0.0,248.641,853.29,0.0,0.0,2107.777,8,1
1,21.058,0.0,1050.135,425.474,462.75,12.252,8,0
1,43.362,1122.632,1049.471,0.0,1468.641,481.34,8,0
0,6.081,312.546,1511.331,587.305,2653.115,1606.776,1,1
0,0.0,467.879,795.78,1000.625,1136.405,0.0,3,1
0,35.997,1107.592,880.618,0.0,634.428,0.0,1,1
0,31.411,0.0,1876.567,232.198,0.0,0.0,7,0
0,12.737,593.127,0.0,0.0,510.348,0.0,2,1
0,14.202,148.588,0.0,1537.402,1805.749,117.839,4,1
0,14.424,100.344,0.0,0.0,260.82,1819.492,3,1
1,29.547,0.0,669.497,587.969,0.0,1007.132,5,1
1,19.232,1302.642,0.0,150.223,0.0,1305.937,7,1
1,34.917,0.0,1004.585,0.0,874.353,349.476,3,0
0,0.0,674.652,318.968,0.0,582.017,0.0,6,0
0,16.004,0.0,1811.568,1057.98,0.0,0.0,4,1
0,12.235,986.993,0.0,705.325,1438.616,0.0,4,0
0,24.411,903.937,206.018,1258.407,0.0,677.754,5,1
0,20.467,283.332,1796.644,201.054,161.891,333.358,5,0
1,39.17,72.487,2109.763,331.235,291.669,79.328,2,1
1,1.969,480.0,0.0,20.373,0.0,0.0,7,0
0,28.637,1707.714,668.137,9.234,569.452,2412.308,7,1
0,35.817,0.0,803.303,0.0,1576.667,0.0,1,0
0,53.993,728.318,898.384,217.046,0.0,1274.21,8,0
0,21.255,0.0,134.909,0.0,847.372,302.009,3,0
1,32.542,207.053,1987.66,417.469,499.375,236.014,2,1
0,2.746,58.878,0.0,265.206,479.14,1535.469,1,1
0,0.0,0.0,0.0,331.102,1269.029,1835.657,7,1
0,39.827,213.198,987.517,1108.073,364.227,48.473,8,0
0,27.922,0.0,998.67,148.878,838.252,1139.163,8,0
1,44.499,888.967,2073.311,593.767,1097.451,682.086,2,0
0,8.772,0.0,1887.87,1318.845,0.0,307.809,6,1
0,35.279,570.847,107.35,901.706,639.102,514.468,5,1
1,54.163,7.752,2009.845,815.775,34.134,0.0,5,0
1,33.876,0.0,0.0,0.0,164.05,0.0,4,0
1,31.872,351.549,1567.065,298.6,0.0,0.0,8,0
0,28.12,0.0,2622.627,0.0,828.188,1246.446,3,0
0,6.008,245.814,1907.933,449.392,399.809,200.039,3,0
1,46.978,0.0,576.924,323.698,743.998,0.0,3,0
1,19.448,519.827,51.865,183.096,290.731,0.0,2,1
1,35.063,0.0,0.0,745.229,0.0,0.0,2,1
1,6.118,0.0,822.648,0.0,344.505,0.0,3,0
1,11.488,411.067,0.0,1085.523,379.892,339.527,4,1
1,48.091,0.0,0.0,674.988,576.856,157.057,1,1
0,23.138,182.323,0.0,130.445,0.0,2379.162,6,1
0,48.346,0.0,0.0,86.711,0.0,903.651,2,1
0,26.905,630.069,416.437,439.142,997.067,856.974,3,1
1,2.213,1367.194,778.337,1021.677,9.033,0.0,5,1
1,40.489,2034.936,0.0,226.9,498.368,0.0,2,1
1,19.742,279.259,1733.14,250.657,0.394,0.0,1,1
1,37.782,732.333,200.154,180.146,303.332,0.0,2,1
1,28.353,0.0,0.0,1167.934,0.0,0.0,1,1
1,6.396,1196.777,721.551,0.0,0.0,0.0,1,1
0,30.3,724.549,2806.263,153.476,831.105,0.0,2,0
0,58.747,0.0,852.193,989.524,0.0,1217.798,1,1
1,34.902,1024.168,14.573,252.326,490.347,149.94,8,0
0,27.195,54.591,0.0,806.753,761.506,0.0,2,1
1,43.055,0.0,186.705,0.0,0.0,294.318,2,0
0,30.949,528.968,731.914,55.036,0.0,1525.76,4,1
1,30.933,0.0,0.0,1001.283,2978.694,304.421,5,0
1,12.717,884.056,0.0,0.0,0.0,867.393,8,0
0,31.274,0.0,0.0,85.273,995.759,0.0,6,0
0,42.496,0.0,2195.446,313.744,2443.41,0.0,8,0
1,16.295,0.0,2170.801,0.0,1178.899,671.676,1,0
1,47.943,713.675,0.0,0.0,0.0,2287.286,8,0
0,26.716,0.0,1257.308,233.077,236.172,1801.264,2,1
0,15.571,0.0,0.0,196.142,0.0,911.969,1,1
1,41.967,0.0,2135.18,886.997,1279.866,459.005,2,1
0,23.985,199.172,744.283,1033.216,932.898,1771.123,6,1
1,38.633,0.0,1589.57,0.0,0.0,1134.412,7,0
1,23.915,0.0,0.0,232.31,0.0,0.0,2,1
1,27.162,1592.343,1263.165,547.579,0.0,0.0,2,1
1,34.91,0.0,440.791,1019.155,1395.165,655.047,5,1
0,32.073,10.022,1472.315,572.355,442.41,0.0,1,1
0,0.063,0.0,1547.841,332.912,546.483,0.0,5,0
0,12.303,0.0,528.942,543.264,0.0,0.0,8,0
0,41.012,623.875,0.0,547.311,0.0,31.026,8,0
0,26.15,836.293,1385.635,0.0,1368.875,0.0,5,0
0,20.668,21.13,377.815,277.967,356.243,0.0,8,0
0,8.98,0.0,0.0,987.13,1307.958,1166.573,7,0
1,12.884,1048.386,0.0,53.88,0.0,21.515,8,1
0,0.0,158.028,0.0,242.49,49.5,0.0,7,0
0,26.582,1344.709,0.0,34.191,1094.628,0.0,5,0
1,19.622,0.0,1773.23,0.0,1115.583,1375.564,5,0
0,14.468,347.012,663.396,181.53,1187.322,0.0,4,0
0,27.046,1467.094,0.0,339.003,0.0,0.0,1,1
1,33.096,0.0,1415.827,0.0,986.002,523.745,1,1
0,57.305,73.429,0.0,0.0,1530.009,0.0,2,0
0,6.834,412.083,564.42,0.0,194.751,0.0,1,1
0,44.231,0.0,234.444,597.945,0.0,571.383,6,1
1,41.623,17.153,1384.957,1274.614,1787.022,0.0,5,1
0,17.093,0.42,0.0,944.163,0.0,2727.19,3,1
0,30.845,0.0,0.0,0.0,1002.424,221.43,7,0
1,21.593,1018.757,0.0,648.591,245.735,948.73,1,1
0,30.6,519.701,138.484,0.0,0.0,0.0,7,0
1,49.128,382.908,1903.713,0.0,1551.453,0.0,7,0
1,36.478,745.571,0.0,0.0,0.0,0.0,3,0
0,35.121,48.169,0.0,565.397,0.0,0.0,8,0
1,21.976,0.0,1496.069,707.182,890.063,736.315,7,0
1,7.223,0.0,1732.259,115.103,889.778,1387.343,6,0
0,25.081,221.159,343.715,124.6,0.0,661.862,4,1
1,44.893,0.0,1271.658,429.988,472.604,62.023,2,0
1,6.62,0.0,0.0,488.077,0.0,0.0,2,1
0,13.229,0.0,2103.569,828.686,1087.673,1469.28,2,1
0,29.768,1600.962,3028.448,0.0,584.698,2474.818,4,1
0,14.215,0.0,1075.459,181.215,259.793,441.808,5,0
1,16.905,103.247,0.0,0.0,332.926,1286.331,7,0
0,22.07,1341.701,0.0,141.472,852.58,660.539,3,1
1,8.881,299.199,1185.39,43.342,278.208,1093.28,1,1
1,14.362,709.721,0.0,143.82,0.0,0.0,5,1
1,37.848,284.887,1976.638,0.0,2725.965,0.0,2,0
1,9.697,0.0,1155.789,0.0,1630.881,715.243,8,0
1,5.63,0.0,0.0,0.0,0.0,1573.115,2,1
1,19.18,353.546,488.718,96.539,0.0,0.0,7,0
1,38.247,0.0,0.0,0.0,50.362,0.0,5,0
0,25.243,0.0,230.898,0.0,1496.735,0.0,3,0
0,21.496,0.0,0.0,910.627,0.0,1360.637,5,1
1,28.621,1354.16,1859.714,0.0,0.0,0.0,4,1
1,3.56,1783.144,2989.214,963.427,0.0,0.0,2,1
0,34.926,361.185,0.0,1079.352,0.0,463.715,3,1
1,33.368,0.0,0.0,0.0,0.0,178.23,8,0
0,22.27,0.0,155.793,221.734,397.663,924.19,7,0
0,42.083,524.551,0.0,0.0,0.0,0.0,1,1
0,12.215,1378.889,505.454,0.0,0.0,0.0,7,0
1,43.791,59.229,1348.723,0.0,991.622,1554.945,8,0
1,30.163,0.0,2242.97,603.964,810.14,0.0,8,0
0,23.288,655.532,691.673,1300.752,916.538,1850.758,2,1
0,27.722,860.51,218.214,675.5,115.41,0.0,7,0
0,26.498,0.0,0.0,351.234,0.0,1191.851,5,1
0,45.084,334.715,481.422,158.054,179.262,0.0,3,0
0,12.926,513.297,535.545,1112.291,861.278,0.0,2,1
1,17.325,172.48,1216.748,1373.014,0.0,0.0,1,1
0,42.508,0.0,0.0,0.0,743.523,872.176,1,1
1,19.663,880.359,0.0,0.0,650.052,292.803,6,0
0,40.607,0.0,0.0,0.0,378.366,1474.393,5,1
1,51.792,0.0,0.0,910.253,145.755,1807.527,4,1
1,22.375,0.0,0.0,143.647,0.0,0.0,8,0
1,37.539,1039.552,0.0,272.615,0.0,0.0,5,1
1,11.848,620.832,854.055,0.0,2278.383,0.0,3,0
1,38.566,277.183,0.0,0.0,324.191,0.0,5,0
1,30.792,0.0,0.0,4.531,0.0,1459.425,3,1
0,34.623,0.0,0.0,286.389,328.597,888.38,6,0
1,18.962,0.0,0.0,0.0,700.25,0.0,8,0
0,4.745,0.0,2259.973,0.0,1034.702,288.342,8,0
1,35.046,0.0,0.0,0.0,58.232,1774.521,6,1
1,0.0,0.0,0.0,846.661,777.412,2303.411,6,1
0,23.557,17.891,0.0,307.079,2154.316,572.354,4,0
1,41.177,616.422,1616.316,512.808,1416.876,0.0,6,0
0,30.687,194.048,622.115,0.0,2884.33,612.151,5,0
0,55.277,736.7,0.0,0.0,0.0,1281.486,1,1
0,42.352,1096.938,0.0,0.0,2153.808,535.864,3,0
0,18.845,907.811,2463.816,0.0,0.0,1062.841,7,0
1,28.382,525.831,362.437,365.447,698.923,674.919,3,1
1,27.337,227.711,231.92,2010.005,1115.724,0.0,1,1
0,5.85,0.0,0.0,559.293,0.0,0.0,8,1
1,14.834,700.964,0.0,1702.138,406.761,0.0,7,1
1,20.149,1311.836,257.954,488.511,1311.507,1418.686,5,1
0,0.0,442.369,840.582,0.0,0.0,0.0,4,0
1,28.665,1466.218,1769.501,364.833,2146.322,778.698,2,1
0,24.513,0.0,0.0,1167.158,0.0,618.877,5,1
0,4.579,0.0,0.0,1194.555,2443.661,1965.507,6,1
1,33.659,775.881,0.0,0.0,1411.459,256.236,7,0
1,38.022,391.789,445.823,311.783,211.302,0.0,8,0
1,31.178,1073.958,275.96,0.0,0.0,979.214,5,1
0,23.463,209.943,303.974,631.814,0.0,2544.958,3,1
0,36.28,0.0,939.715,1039.879,160.625,1048.003,3,1
1,37.523,81.164,0.0,192.288,256.655,0.0,4,0
1,32.304,0.0,1570.97,0.0,1690.749,0.0,6,0
1,16.455,0.0,970.143,371.673,2475.52,0.0,7,0
1,31.872,852.089,66.201,403.777,529.318,2403.477,4,1
0,44.737,787.312,2371.09,215.441,0.0,0.0,4,0
1,19.647,455.953,2317.699,270.08,0.0,0.0,1,1
0,57.371,0.0,1569.474,72.664,108.6,133.642,7,0
0,20.641,0.0,0.0,727.735,0.0,0.0,2,1
1,28.454,0.0,2344.734,582.287,0.0,1946.033,2,1
1,18.585,984.747,1403.71,0.0,2616.84,0.0,7,0
1,31.126,0.0,2857.69,0.0,642.875,1539.675,6,0
0,3.609,0.0,1934.958,27.55,0.0,428.197,4,0
1,20.355,239.368,2344.011,582.629,1208.264,1567.378,8,0
1,12.71,0.0,1504.386,252.912,0.0,1961.75,3,1
0,29.895,1184.434,2068.432,0.0,0.0,389.038,2,1
1,41.922,0.0,2842.948,316.45,0.0,0.0,8,0
0,37.044,0.0,709.866,0.0,2129.965,369.488,7,0
1,0.0,0.0,0.0,663.072,31.832,200.491,8,1
0,56.589,199.989,81.047,356.513,0.0,0.0,7,0
1,32.134,0.0,917.935,0.0,1641.073,1930.104,5,1
1,17.129,0.0,539.865,299.651,0.0,558.074,1,1
0,30.2,992.997,0.0,906.427,0.0,0.0,3,1
0,30.467,653.709,0.0,0.0,0.0,0.0,1,1
1,18.664,201.658,0.0,395.488,883.104,0.0,5,0
0,30.771,1106.812,1419.287,130.542,754.454,1109.004,2,1
0,19.495,650.648,2346.408,409.111,2288.256,0.0,1,0
0,22.339,0.0,1549.881,0.0,0.0,0.0,6,0
0,18.392,0.0,1718.913,231.788,361.392,812.562,1,1
1,7.943,751.688,353.021,790.381,0.0,0.0,1,1
1,30.042,477.639,0.0,0.0,0.0,873.851,8,0
0,36.194,330.336,0.0,0.0,1284.08,400.027,7,0
0,35.208,0.0,139.483,0.0,819.597,211.664,5,0
0,39.479,615.166,0.0,0.0,622.046,0.0,7,0
0,32.541,0.0,515.634,503.381,779.469,0.0,3,0
1,20.542,153.709,979.704,0.0,0.0,932.662,8,0
1,39.755,1160.514,1473.618,3.179,0.0,0.0,7,0
0,8.995,0.0,116.256,516.242,351.412,1565.638,3,1
0,15.391,0.0,0.0,403.329,1587.333,2763.721,5,1
0,14.501,0.0,0.0,0.0,2078.885,989.205,8,0
1,43.121,866.294,502.452,276.917,1184.976,1867.473,7,1
0,41.199,385.575,1917.37,230.001,342.092,1056.764,1,1
1,34.822,136.23,0.0,44.425,606.762,0.0,8,0
0,43.007,0.0,1065.052,51.933,322.753,510.159,1,1
1,15.69,535.484,798.105,1421.839,0.0,2413.987,4,1
0,32.88,0.0,502.681,623.214,337.112,0.0,8,0
1,26.248,418.683,1566.64,1559.165,0.0,0.0,6,1
0,39.856,0.0,0.0,0.0,173.515,0.0,2,0
0,26.387,0.0,0.0,122.419,2109.716,71.594,2,0
0,22.611,0.0,435.719,0.0,1215.145,0.0,3,0
1,35.573,0.0,0.0,0.0,0.0,2057.72,5,1
0,40.266,188.261,1059.615,1235.071,230.328,527.174,8,1
1,18.643,373.046,0.0,0.0,0.0,1320.313,1,1
1,27.145,0.0,721.565,1244.798,241.235,0.0,7,0
0,13.182,0.0,329.793,0.0,1455.219,0.0,6,0
0,0.0,0.0,707.911,0.0,1028.309,0.0,2,0
0,30.806,1198.29,0.0,0.0,3042.558,0.0,5,0
1,36.525,0.0,43.094,134.3,1621.725,664.902,5,0
0,31.669,325.818,565.211,686.929,534.4,845.877,8,0
1,0.706,1191.77,692.489,422.431,1054.865,933.356,1,1
1,23.088,0.0,444.958,0.0,87.313,0.0,8,0
0,0.0,476.084,2496.435,95.343,0.0,299.57,8,0
0,47.176,0.0,0.0,0.0,1746.354,0.0,6,0
0,12.795,0.0,372.955,0.0,1419.891,721.539,5,0
0,45.576,0.0,0.0,0.0,44.84,803.031,2,1
0,41.242,0.0,896.498,745.615,611.329,0.0,4,0
0,15.392,1989.243,0.0,0.0,1675.033,1316.431,2,1
1,12.141,768.896,116.028,1075.721,1240.987,2755.764,6,1
1,32.905,936.13,3.523,0.0,0.0,1176.578,4,1
1,16.179,539.796,787.069,0.0,577.982,129.024,7,0
0,29.435,0.0,0.0,584.265,125.605,0.0,7,0
1,21.24,476.723,0.0,1001.721,1534.301,80.483,5,0
1,3.064,917.404,2173.028,795.874,1444.147,0.0,2,1
1,0.0,0.0,791.48,451.037,1760.469,565.018,1,1
1,31.174,847.462,0.0,778.644,0.0,0.0,6,1
1,20.138,677.819,149.0,0.0,0.0,0.0,5,1
0,20.257,1423.826,2424.426,0.0,1535.491,530.582,1,1
0,37.742,0.0,167.802,0.0,0.0,322.295,4,0
1,44.428,0.0,0.0,855.798,0.0,0.0,7,1
1,24.184,0.0,0.0,0.0,895.856,0.0,3,0
1,23.232,1153.121,0.0,643.428,0.0,604.231,3,1
0,35.002,0.0,0.0,470.08,2278.77,0.0,4,0
0,9.003,0.0,0.0,0.0,635.803,154.108,3,0
1,31.124,278.107,0.0,0.0,486.285,2153.22,8,1
